"id","logo","club","value","competition","nation","value_table","club_list","match_points","bonus_points","points_overall","date","status","match_points_last_week","bonus_points_last_week","points_overall_last_week","gain_match_points","gain_bonus_points","gain_points_overall"
44,"<img src=""https://tmssl.akamaized.net/images/wappen/head/2036.png"" height=""40""></img>","1.FC Heidenheim",50.15,"Conference League","GER","<p style=""color:darkgreen"">   50,150,000 €</p>","1.FC Heidenheim (GER):   50.15 Mio. €",2,0,2,2024-10-22,"&#x2714;&#xFE0F;",2,0,2,0,0,0
86,"<img src=""https://tmssl.akamaized.net/images/wappen/head/533.png"" height=""40""></img>","1899 Hoffenheim",154.65,"Europa League","GER","<p style=""color:darkgreen"">  154,650,000 €</p>","1899 Hoffenheim (GER):  154.65 Mio. €",3,0,3,2024-10-22,"&#x2714;&#xFE0F;",3,0,3,0,0,0
43,"<img src=""https://tmssl.akamaized.net/images/wappen/head/157.png"" height=""40""></img>","AA Gent",52.75,"Conference League","BEL","<p style=""color:darkgreen"">   52,750,000 €</p>","AA Gent (BEL):   52.75 Mio. €",0,0,0,2024-10-22,"&#x2714;&#xFE0F;",0,0,0,0,0,0
10,"<img src=""https://tmssl.akamaized.net/images/wappen/head/5.png"" height=""40""></img>","AC Milan",601.01,"Champions League","ITA","<p style=""color:darkgreen"">  601,010,000 €</p>","AC Milan (ITA):  601.01 Mio. €",2,6,8,2024-10-22,"&#x2714;&#xFE0F;",0,6,6,2,0,2
84,"<img src=""https://tmssl.akamaized.net/images/wappen/head/610.png"" height=""40""></img>","Ajax",223.55,"Europa League","NED","<p style=""color:darkgreen"">  223,550,000 €</p>","Ajax (NED):  223.55 Mio. €",3,0,3,2024-10-22,"&#x2714;&#xFE0F;",3,0,3,0,0,0
89,"<img src=""https://tmssl.akamaized.net/images/wappen/head/58.png"" height=""40""></img>","Anderlecht",112.8,"Europa League","BEL","<p style=""color:darkgreen"">  112,800,000 €</p>","Anderlecht (BEL):  112.80 Mio. €",4,0,4,2024-10-22,"&#x2714;&#xFE0F;",4,0,4,0,0,0
59,"<img src=""https://tmssl.akamaized.net/images/wappen/head/2784.png"" height=""40""></img>","APOEL Nicosia",14.98,"Conference League","CYP","<p style=""color:darkgreen"">   14,980,000 €</p>","APOEL Nicosia (CYP):   14.98 Mio. €",1,0,1,2024-10-22,"&#x2714;&#xFE0F;",1,0,1,0,0,0
3,"<img src=""https://tmssl.akamaized.net/images/wappen/head/11.png"" height=""40""></img>","Arsenal",1170,"Champions League","ENG","<p style=""color:darkgreen"">1,170,000,000 €</p>","Arsenal (ENG): 1170.00 Mio. €",5,6,11,2024-10-22,"&#x2714;&#xFE0F;",3,6,9,2,0,2
18,"<img src=""https://tmssl.akamaized.net/images/wappen/head/162.png"" height=""40""></img>","AS Monaco",339.2,"Champions League","FRA","<p style=""color:darkgreen"">  339,200,000 €</p>","AS Monaco (FRA):  339.20 Mio. €",5,6,11,2024-10-22,"&#x2714;&#xFE0F;",3,6,9,2,0,2
77,"<img src=""https://tmssl.akamaized.net/images/wappen/head/12.png"" height=""40""></img>","AS Roma",332,"Europa League","ITA","<p style=""color:darkgreen"">  332,000,000 €</p>","AS Roma (ITA):  332.00 Mio. €",1,0,1,2024-10-22,"&#x2714;&#xFE0F;",1,0,1,0,0,0
11,"<img src=""https://tmssl.akamaized.net/images/wappen/head/405.png"" height=""40""></img>","Aston Villa",595.45,"Champions League","ENG","<p style=""color:darkgreen"">  595,450,000 €</p>","Aston Villa (ENG):  595.45 Mio. €",6,6,12,2024-10-22,"&#x2714;&#xFE0F;",4,6,10,2,0,2
16,"<img src=""https://tmssl.akamaized.net/images/wappen/head/800.png"" height=""40""></img>","Atalanta",426.1,"Champions League","ITA","<p style=""color:darkgreen"">  426,100,000 €</p>","Atalanta (ITA):  426.10 Mio. €",3,6,9,2024-10-22,"&#x2714;&#xFE0F;",3,6,9,0,0,0
78,"<img src=""https://tmssl.akamaized.net/images/wappen/head/621.png"" height=""40""></img>","Athletic Bilbao",318.6,"Europa League","ESP","<p style=""color:darkgreen"">  318,600,000 €</p>","Athletic Bilbao (ESP):  318.60 Mio. €",3,0,3,2024-10-22,"&#x2714;&#xFE0F;",3,0,3,0,0,0
13,"<img src=""https://tmssl.akamaized.net/images/wappen/head/13.png"" height=""40""></img>","Atlético Madrid",529.5,"Champions League","ESP","<p style=""color:darkgreen"">  529,500,000 €</p>","Atlético Madrid (ESP):  529.50 Mio. €",2,6,8,2024-10-22,"&#x2714;&#xFE0F;",2,6,8,0,0,0
97,"<img src=""https://tmssl.akamaized.net/images/wappen/head/1090.png"" height=""40""></img>","AZ Alkmaar",65.85,"Europa League","NED","<p style=""color:darkgreen"">   65,850,000 €</p>","AZ Alkmaar (NED):   65.85 Mio. €",2,0,2,2024-10-22,"&#x2714;&#xFE0F;",2,0,2,0,0,0
9,"<img src=""https://tmssl.akamaized.net/images/wappen/head/15.png"" height=""40""></img>","Bayer Leverkusen",627.55,"Champions League","GER","<p style=""color:darkgreen"">  627,550,000 €</p>","Bayer Leverkusen (GER):  627.55 Mio. €",4,6,10,2024-10-22,"&#x2714;&#xFE0F;",4,6,10,0,0,0
4,"<img src=""https://tmssl.akamaized.net/images/wappen/head/27.png"" height=""40""></img>","Bayern München",943.65,"Champions League","GER","<p style=""color:darkgreen"">  943,650,000 €</p>","Bayern München (GER):  943.65 Mio. €",2,6,8,2024-10-22,"&#x2714;&#xFE0F;",2,6,8,0,0,0
19,"<img src=""https://tmssl.akamaized.net/images/wappen/head/294.png"" height=""40""></img>","Benfica",331,"Champions League","POR","<p style=""color:darkgreen"">  331,000,000 €</p>","Benfica (POR):  331.00 Mio. €",4,6,10,2024-10-22,"&#x2714;&#xFE0F;",4,6,10,0,0,0
87,"<img src=""https://tmssl.akamaized.net/images/wappen/head/114.png"" height=""40""></img>","Besiktas",140.53,"Europa League","TUR","<p style=""color:darkgreen"">  140,530,000 €</p>","Besiktas (TUR):  140.53 Mio. €",0,0,0,2024-10-22,"&#x2714;&#xFE0F;",0,0,0,0,0,0
102,"<img src=""https://tmssl.akamaized.net/images/wappen/head/501.png"" height=""40""></img>","Bodø/Glimt",37.25,"Europa League","NOR","<p style=""color:darkgreen"">   37,250,000 €</p>","Bodø/Glimt (NOR):   37.25 Mio. €",3,0,3,2024-10-22,"&#x2714;&#xFE0F;",3,0,3,0,0,0
23,"<img src=""https://tmssl.akamaized.net/images/wappen/head/1025.png"" height=""40""></img>","Bologna",285.55,"Champions League","ITA","<p style=""color:darkgreen"">  285,550,000 €</p>","Bologna (ITA):  285.55 Mio. €",1,6,7,2024-10-22,"&#x2714;&#xFE0F;",1,6,7,0,0,0
15,"<img src=""https://tmssl.akamaized.net/images/wappen/head/16.png"" height=""40""></img>","Borussia Dortmund",461.6,"Champions League","GER","<p style=""color:darkgreen"">  461,600,000 €</p>","Borussia Dortmund (GER):  461.60 Mio. €",4,6,10,2024-10-22,"&#x2714;&#xFE0F;",4,6,10,0,0,0
30,"<img src=""https://tmssl.akamaized.net/images/wappen/head/371.png"" height=""40""></img>","Celtic",119.15,"Champions League","SCO","<p style=""color:darkgreen"">  119,150,000 €</p>","Celtic (SCO):  119.15 Mio. €",2,6,8,2024-10-22,"&#x2714;&#xFE0F;",2,6,8,0,0,0
42,"<img src=""https://tmssl.akamaized.net/images/wappen/head/520.png"" height=""40""></img>","Cercle Brugge",53.85,"Conference League","BEL","<p style=""color:darkgreen"">   53,850,000 €</p>","Cercle Brugge (BEL):   53.85 Mio. €",2,0,2,2024-10-22,"&#x2714;&#xFE0F;",2,0,2,0,0,0
37,"<img src=""https://tmssl.akamaized.net/images/wappen/head/631.png"" height=""40""></img>","Chelsea",960.2,"Conference League","ENG","<p style=""color:darkgreen"">  960,200,000 €</p>","Chelsea (ENG):  960.20 Mio. €",2,0,2,2024-10-22,"&#x2714;&#xFE0F;",2,0,2,0,0,0
28,"<img src=""https://tmssl.akamaized.net/images/wappen/head/2282.png"" height=""40""></img>","Club Brugge",136.85,"Champions League","BEL","<p style=""color:darkgreen"">  136,850,000 €</p>","Club Brugge (BEL):  136.85 Mio. €",2,6,8,2024-10-22,"&#x2714;&#xFE0F;",2,6,8,0,0,0
66,"<img src=""https://tmssl.akamaized.net/images/wappen/head/1180.png"" height=""40""></img>","Dinamo Minsk",7.35,"Conference League","BLR","<p style=""color:darkgreen"">    7,350,000 €</p>","Dinamo Minsk (BLR):    7.35 Mio. €",0,0,0,2024-10-22,"&#x2714;&#xFE0F;",0,0,0,0,0,0
32,"<img src=""https://tmssl.akamaized.net/images/wappen/head/419.png"" height=""40""></img>","Dinamo Zagreb",71.6,"Champions League","CRO","<p style=""color:darkgreen"">   71,600,000 €</p>","Dinamo Zagreb (CRO):   71.60 Mio. €",1,6,7,2024-10-22,"&#x2714;&#xFE0F;",1,6,7,0,0,0
57,"<img src=""https://tmssl.akamaized.net/images/wappen/head/1044.png"" height=""40""></img>","Djurgårdens IF",18.15,"Conference League","SWE","<p style=""color:darkgreen"">   18,150,000 €</p>","Djurgårdens IF (SWE):   18.15 Mio. €",1,0,1,2024-10-22,"&#x2714;&#xFE0F;",1,0,1,0,0,0
94,"<img src=""https://tmssl.akamaized.net/images/wappen/head/338.png"" height=""40""></img>","Dynamo Kyiv",75.7,"Europa League","UKR","<p style=""color:darkgreen"">   75,700,000 €</p>","Dynamo Kyiv (UKR):   75.70 Mio. €",0,0,0,2024-10-22,"&#x2714;&#xFE0F;",0,0,0,0,0,0
81,"<img src=""https://tmssl.akamaized.net/images/wappen/head/24.png"" height=""40""></img>","Eintracht Frankfurt",248.3,"Europa League","GER","<p style=""color:darkgreen"">  248,300,000 €</p>","Eintracht Frankfurt (GER):  248.30 Mio. €",3,0,3,2024-10-22,"&#x2714;&#xFE0F;",3,0,3,0,0,0
6,"<img src=""https://tmssl.akamaized.net/images/wappen/head/131.png"" height=""40""></img>","FC Barcelona",875,"Champions League","ESP","<p style=""color:darkgreen"">  875,000,000 €</p>","FC Barcelona (ESP):  875.00 Mio. €",2,6,8,2024-10-22,"&#x2714;&#xFE0F;",2,6,8,0,0,0
41,"<img src=""https://tmssl.akamaized.net/images/wappen/head/190.png"" height=""40""></img>","FC København",71.1,"Conference League","DEN","<p style=""color:darkgreen"">   71,100,000 €</p>","FC København (DEN):   71.10 Mio. €",0,0,0,2024-10-22,"&#x2714;&#xFE0F;",0,0,0,0,0,0
48,"<img src=""https://tmssl.akamaized.net/images/wappen/head/2790.png"" height=""40""></img>","FC Lugano",35.3,"Conference League","SUI","<p style=""color:darkgreen"">   35,300,000 €</p>","FC Lugano (SUI):   35.30 Mio. €",2,0,2,2024-10-22,"&#x2714;&#xFE0F;",2,0,2,0,0,0
98,"<img src=""https://tmssl.akamaized.net/images/wappen/head/865.png"" height=""40""></img>","FC Midtjylland",63.05,"Europa League","DEN","<p style=""color:darkgreen"">   63,050,000 €</p>","FC Midtjylland (DEN):   63.05 Mio. €",3,0,3,2024-10-22,"&#x2714;&#xFE0F;",3,0,3,0,0,0
64,"<img src=""https://tmssl.akamaized.net/images/wappen/head/60368.png"" height=""40""></img>","FC Noah",7.71,"Conference League","ARM","<p style=""color:darkgreen"">    7,710,000 €</p>","FC Noah (ARM):    7.71 Mio. €",2,0,2,2024-10-22,"&#x2714;&#xFE0F;",2,0,2,0,0,0
76,"<img src=""https://tmssl.akamaized.net/images/wappen/head/720.png"" height=""40""></img>","FC Porto",334.25,"Europa League","POR","<p style=""color:darkgreen"">  334,250,000 €</p>","FC Porto (POR):  334.25 Mio. €",1,0,1,2024-10-22,"&#x2714;&#xFE0F;",1,0,1,0,0,0
26,"<img src=""https://tmssl.akamaized.net/images/wappen/head/409.png"" height=""40""></img>","FC Salzburg",178.7,"Champions League","AUT","<p style=""color:darkgreen"">  178,700,000 €</p>","FC Salzburg (AUT):  178.70 Mio. €",0,6,6,2024-10-22,"&#x2714;&#xFE0F;",0,6,6,0,0,0
54,"<img src=""https://tmssl.akamaized.net/images/wappen/head/257.png"" height=""40""></img>","FC Sankt Gallen",21.9,"Conference League","SUI","<p style=""color:darkgreen"">   21,900,000 €</p>","FC Sankt Gallen (SUI):   21.90 Mio. €",0,0,0,2024-10-22,"&#x2714;&#xFE0F;",0,0,0,0,0,0
96,"<img src=""https://tmssl.akamaized.net/images/wappen/head/317.png"" height=""40""></img>","FC Twente Enschede",68.78,"Europa League","NED","<p style=""color:darkgreen"">   68,780,000 €</p>","FC Twente Enschede (NED):   68.78 Mio. €",2,0,2,2024-10-22,"&#x2714;&#xFE0F;",2,0,2,0,0,0
103,"<img src=""https://tmssl.akamaized.net/images/wappen/head/301.png"" height=""40""></img>","FCSB",35.3,"Europa League","ROU","<p style=""color:darkgreen"">   35,300,000 €</p>","FCSB (ROU):   35.30 Mio. €",4,0,4,2024-10-22,"&#x2714;&#xFE0F;",4,0,4,0,0,0
82,"<img src=""https://tmssl.akamaized.net/images/wappen/head/36.png"" height=""40""></img>","Fenerbahçe",233.5,"Europa League","TUR","<p style=""color:darkgreen"">  233,500,000 €</p>","Fenerbahçe (TUR):  233.50 Mio. €",3,0,3,2024-10-22,"&#x2714;&#xFE0F;",3,0,3,0,0,0
99,"<img src=""https://tmssl.akamaized.net/images/wappen/head/279.png"" height=""40""></img>","Ferencváros",55.23,"Europa League","HUN","<p style=""color:darkgreen"">   55,230,000 €</p>","Ferencváros (HUN):   55.23 Mio. €",0,0,0,2024-10-22,"&#x2714;&#xFE0F;",0,0,0,0,0,0
22,"<img src=""https://tmssl.akamaized.net/images/wappen/head/234.png"" height=""40""></img>","Feyenoord",290.1,"Champions League","NED","<p style=""color:darkgreen"">  290,100,000 €</p>","Feyenoord (NED):  290.10 Mio. €",2,6,8,2024-10-22,"&#x2714;&#xFE0F;",2,6,8,0,0,0
38,"<img src=""https://tmssl.akamaized.net/images/wappen/head/430.png"" height=""40""></img>","Fiorentina",278.9,"Conference League","ITA","<p style=""color:darkgreen"">  278,900,000 €</p>","Fiorentina (ITA):  278.90 Mio. €",2,0,2,2024-10-22,"&#x2714;&#xFE0F;",2,0,2,0,0,0
61,"<img src=""https://tmssl.akamaized.net/images/wappen/head/22220.png"" height=""40""></img>","FK Astana",9.55,"Conference League","KAZ","<p style=""color:darkgreen"">    9,550,000 €</p>","FK Astana (KAZ):    9.55 Mio. €",2,0,2,2024-10-22,"&#x2714;&#xFE0F;",2,0,2,0,0,0
65,"<img src=""https://tmssl.akamaized.net/images/wappen/head/3900.png"" height=""40""></img>","FK Borac Banja Luka",7.69,"Conference League","BIH","<p style=""color:darkgreen"">    7,690,000 €</p>","FK Borac Banja Luka (BIH):    7.69 Mio. €",1,0,1,2024-10-22,"&#x2714;&#xFE0F;",1,0,1,0,0,0
79,"<img src=""https://tmssl.akamaized.net/images/wappen/head/141.png"" height=""40""></img>","Galatasaray",281.8,"Europa League","TUR","<p style=""color:darkgreen"">  281,800,000 €</p>","Galatasaray (TUR):  281.80 Mio. €",3,0,3,2024-10-22,"&#x2714;&#xFE0F;",3,0,3,0,0,0
25,"<img src=""https://tmssl.akamaized.net/images/wappen/head/12321.png"" height=""40""></img>","Girona FC",208,"Champions League","ESP","<p style=""color:darkgreen"">  208,000,000 €</p>","Girona FC (ESP):  208.00 Mio. €",2,6,8,2024-10-22,"&#x2714;&#xFE0F;",0,6,6,2,0,2
55,"<img src=""https://tmssl.akamaized.net/images/wappen/head/43.png"" height=""40""></img>","Hearts FC",21.13,"Conference League","SCO","<p style=""color:darkgreen"">   21,130,000 €</p>","Hearts FC (SCO):   21.13 Mio. €",2,0,2,2024-10-22,"&#x2714;&#xFE0F;",2,0,2,0,0,0
67,"<img src=""https://tmssl.akamaized.net/images/wappen/head/1008.png"" height=""40""></img>","HJK Helsinki",7.1,"Conference League","FIN","<p style=""color:darkgreen"">    7,100,000 €</p>","HJK Helsinki (FIN):    7.10 Mio. €",0,0,0,2024-10-22,"&#x2714;&#xFE0F;",0,0,0,0,0,0
107,"<img src=""https://tmssl.akamaized.net/images/wappen/head/1101.png"" height=""40""></img>","IF Elfsborg",17.25,"Europa League","SWE","<p style=""color:darkgreen"">   17,250,000 €</p>","IF Elfsborg (SWE):   17.25 Mio. €",2,0,2,2024-10-22,"&#x2714;&#xFE0F;",2,0,2,0,0,0
8,"<img src=""https://tmssl.akamaized.net/images/wappen/head/46.png"" height=""40""></img>","Internazionale",673.3,"Champions League","ITA","<p style=""color:darkgreen"">  673,300,000 €</p>","Internazionale (ITA):  673.30 Mio. €",3,6,9,2024-10-22,"&#x2714;&#xFE0F;",3,6,9,0,0,0
45,"<img src=""https://tmssl.akamaized.net/images/wappen/head/6890.png"" height=""40""></img>","Istanbul Basaksehir",48.83,"Conference League","TUR","<p style=""color:darkgreen"">   48,830,000 €</p>","Istanbul Basaksehir (TUR):   48.83 Mio. €",0,0,0,2024-10-22,"&#x2714;&#xFE0F;",0,0,0,0,0,0
58,"<img src=""https://tmssl.akamaized.net/images/wappen/head/2300.png"" height=""40""></img>","Jagiellonia Bialystok",15.7,"Conference League","POL","<p style=""color:darkgreen"">   15,700,000 €</p>","Jagiellonia Bialystok (POL):   15.70 Mio. €",2,0,2,2024-10-22,"&#x2714;&#xFE0F;",2,0,2,0,0,0
12,"<img src=""https://tmssl.akamaized.net/images/wappen/head/506.png"" height=""40""></img>","Juventus",581.05,"Champions League","ITA","<p style=""color:darkgreen"">  581,050,000 €</p>","Juventus (ITA):  581.05 Mio. €",4,6,10,2024-10-22,"&#x2714;&#xFE0F;",4,6,10,0,0,0
70,"<img src=""https://tmssl.akamaized.net/images/wappen/head/3461.png"" height=""40""></img>","Larne FC",3.75,"Conference League","NIR","<p style=""color:darkgreen"">    3,750,000 €</p>","Larne FC (NIR):    3.75 Mio. €",0,0,0,2024-10-22,"&#x2714;&#xFE0F;",0,0,0,0,0,0
47,"<img src=""https://tmssl.akamaized.net/images/wappen/head/413.png"" height=""40""></img>","LASK",43,"Conference League","AUT","<p style=""color:darkgreen"">   43,000,000 €</p>","LASK (AUT):   43.00 Mio. €",1,0,1,2024-10-22,"&#x2714;&#xFE0F;",1,0,1,0,0,0
83,"<img src=""https://tmssl.akamaized.net/images/wappen/head/398.png"" height=""40""></img>","Lazio",223.75,"Europa League","ITA","<p style=""color:darkgreen"">  223,750,000 €</p>","Lazio (ITA):  223.75 Mio. €",4,0,4,2024-10-22,"&#x2714;&#xFE0F;",4,0,4,0,0,0
52,"<img src=""https://tmssl.akamaized.net/images/wappen/head/255.png"" height=""40""></img>","Legia Warsaw",26.63,"Conference League","POL","<p style=""color:darkgreen"">   26,630,000 €</p>","Legia Warsaw (POL):   26.63 Mio. €",2,0,2,2024-10-22,"&#x2714;&#xFE0F;",2,0,2,0,0,0
24,"<img src=""https://tmssl.akamaized.net/images/wappen/head/1082.png"" height=""40""></img>","Lille OSC",247.7,"Champions League","FRA","<p style=""color:darkgreen"">  247,700,000 €</p>","Lille OSC (FRA):  247.70 Mio. €",2,6,8,2024-10-22,"&#x2714;&#xFE0F;",2,6,8,0,0,0
5,"<img src=""https://tmssl.akamaized.net/images/wappen/head/31.png"" height=""40""></img>","Liverpool",923,"Champions League","ENG","<p style=""color:darkgreen"">  923,000,000 €</p>","Liverpool (ENG):  923.00 Mio. €",4,6,10,2024-10-22,"&#x2714;&#xFE0F;",4,6,10,0,0,0
100,"<img src=""https://tmssl.akamaized.net/images/wappen/head/31614.png"" height=""40""></img>","Ludogorets Razgrad",51.15,"Europa League","BUL","<p style=""color:darkgreen"">   51,150,000 €</p>","Ludogorets Razgrad (BUL):   51.15 Mio. €",1,0,1,2024-10-22,"&#x2714;&#xFE0F;",1,0,1,0,0,0
105,"<img src=""https://tmssl.akamaized.net/images/wappen/head/119.png"" height=""40""></img>","Maccabi Tel-Aviv",22,"Europa League","ISR","<p style=""color:darkgreen"">   22,000,000 €</p>","Maccabi Tel-Aviv (ISR):   22.00 Mio. €",0,0,0,2024-10-22,"&#x2714;&#xFE0F;",0,0,0,0,0,0
104,"<img src=""https://tmssl.akamaized.net/images/wappen/head/496.png"" height=""40""></img>","Malmö FF",33.5,"Europa League","SWE","<p style=""color:darkgreen"">   33,500,000 €</p>","Malmö FF (SWE):   33.50 Mio. €",2,0,2,2024-10-22,"&#x2714;&#xFE0F;",2,0,2,0,0,0
2,"<img src=""https://tmssl.akamaized.net/images/wappen/head/281.png"" height=""40""></img>","Manchester City",1260,"Champions League","ENG","<p style=""color:darkgreen"">1,260,000,000 €</p>","Manchester City (ENG): 1260.00 Mio. €",3,6,9,2024-10-22,"&#x2714;&#xFE0F;",3,6,9,0,0,0
73,"<img src=""https://tmssl.akamaized.net/images/wappen/head/985.png"" height=""40""></img>","Manchester United",857.35,"Europa League","ENG","<p style=""color:darkgreen"">  857,350,000 €</p>","Manchester United (ENG):  857.35 Mio. €",2,0,2,2024-10-22,"&#x2714;&#xFE0F;",2,0,2,0,0,0
62,"<img src=""https://tmssl.akamaized.net/images/wappen/head/5546.png"" height=""40""></img>","Mladá Boleslav",9.55,"Conference League","CZE","<p style=""color:darkgreen"">    9,550,000 €</p>","Mladá Boleslav (CZE):    9.55 Mio. €",0,0,0,2024-10-22,"&#x2714;&#xFE0F;",0,0,0,0,0,0
49,"<img src=""https://tmssl.akamaized.net/images/wappen/head/687.png"" height=""40""></img>","Molde FK",29.9,"Conference League","NOR","<p style=""color:darkgreen"">   29,900,000 €</p>","Molde FK (NOR):   29.90 Mio. €",2,0,2,2024-10-22,"&#x2714;&#xFE0F;",2,0,2,0,0,0
60,"<img src=""https://tmssl.akamaized.net/images/wappen/head/710.png"" height=""40""></img>","NK Celje",13.21,"Conference League","SLO","<p style=""color:darkgreen"">   13,210,000 €</p>","NK Celje (SLO):   13.21 Mio. €",0,0,0,2024-10-22,"&#x2714;&#xFE0F;",0,0,0,0,0,0
85,"<img src=""https://tmssl.akamaized.net/images/wappen/head/417.png"" height=""40""></img>","OGC Nice",220.2,"Europa League","FRA","<p style=""color:darkgreen"">  220,200,000 €</p>","OGC Nice (FRA):  220.20 Mio. €",1,0,1,2024-10-22,"&#x2714;&#xFE0F;",1,0,1,0,0,0
63,"<img src=""https://tmssl.akamaized.net/images/wappen/head/4772.png"" height=""40""></img>","Olimpija Ljubljana",9.33,"Conference League","SLO","<p style=""color:darkgreen"">    9,330,000 €</p>","Olimpija Ljubljana (SLO):    9.33 Mio. €",0,0,0,2024-10-22,"&#x2714;&#xFE0F;",0,0,0,0,0,0
90,"<img src=""https://tmssl.akamaized.net/images/wappen/head/683.png"" height=""40""></img>","Olympiakos Piraeus",92.15,"Europa League","GRE","<p style=""color:darkgreen"">   92,150,000 €</p>","Olympiakos Piraeus (GRE):   92.15 Mio. €",2,0,2,2024-10-22,"&#x2714;&#xFE0F;",2,0,2,0,0,0
80,"<img src=""https://tmssl.akamaized.net/images/wappen/head/1041.png"" height=""40""></img>","Olympique Lyon",252,"Europa League","FRA","<p style=""color:darkgreen"">  252,000,000 €</p>","Olympique Lyon (FRA):  252.00 Mio. €",4,0,4,2024-10-22,"&#x2714;&#xFE0F;",4,0,4,0,0,0
56,"<img src=""https://tmssl.akamaized.net/images/wappen/head/829.png"" height=""40""></img>","Omonia Nicosia",20.28,"Conference League","CYP","<p style=""color:darkgreen"">   20,280,000 €</p>","Omonia Nicosia (CYP):   20.28 Mio. €",2,0,2,2024-10-22,"&#x2714;&#xFE0F;",2,0,2,0,0,0
53,"<img src=""https://tmssl.akamaized.net/images/wappen/head/45457.png"" height=""40""></img>","Pafos FC",23.73,"Conference League","CYP","<p style=""color:darkgreen"">   23,730,000 €</p>","Pafos FC (CYP):   23.73 Mio. €",2,0,2,2024-10-22,"&#x2714;&#xFE0F;",2,0,2,0,0,0
40,"<img src=""https://tmssl.akamaized.net/images/wappen/head/265.png"" height=""40""></img>","Panathinaikos",94.7,"Conference League","GRE","<p style=""color:darkgreen"">   94,700,000 €</p>","Panathinaikos (GRE):   94.70 Mio. €",1,0,1,2024-10-22,"&#x2714;&#xFE0F;",1,0,1,0,0,0
91,"<img src=""https://tmssl.akamaized.net/images/wappen/head/1091.png"" height=""40""></img>","PAOK Thessaloniki",92,"Europa League","GRE","<p style=""color:darkgreen"">   92,000,000 €</p>","PAOK Thessaloniki (GRE):   92.00 Mio. €",0,0,0,2024-10-22,"&#x2714;&#xFE0F;",0,0,0,0,0,0
7,"<img src=""https://tmssl.akamaized.net/images/wappen/head/583.png"" height=""40""></img>","Paris Saint-Germain",874.7,"Champions League","FRA","<p style=""color:darkgreen"">  874,700,000 €</p>","Paris Saint-Germain (FRA):  874.70 Mio. €",3,6,9,2024-10-22,"&#x2714;&#xFE0F;",2,6,8,1,0,1
68,"<img src=""https://tmssl.akamaized.net/images/wappen/head/46643.png"" height=""40""></img>","Petrocub Hîncesti",5.15,"Conference League","MDA","<p style=""color:darkgreen"">    5,150,000 €</p>","Petrocub Hîncesti (MDA):    5.15 Mio. €",0,0,0,2024-10-22,"&#x2714;&#xFE0F;",0,0,0,0,0,0
20,"<img src=""https://tmssl.akamaized.net/images/wappen/head/383.png"" height=""40""></img>","PSV Eindhoven",318.25,"Champions League","NED","<p style=""color:darkgreen"">  318,250,000 €</p>","PSV Eindhoven (NED):  318.25 Mio. €",2,6,8,2024-10-22,"&#x2714;&#xFE0F;",1,6,7,1,0,1
106,"<img src=""https://tmssl.akamaized.net/images/wappen/head/10625.png"" height=""40""></img>","Qarabag FK",20.78,"Europa League","AZB","<p style=""color:darkgreen"">   20,780,000 €</p>","Qarabag FK (AZB):   20.78 Mio. €",0,0,0,2024-10-22,"&#x2714;&#xFE0F;",0,0,0,0,0,0
93,"<img src=""https://tmssl.akamaized.net/images/wappen/head/124.png"" height=""40""></img>","Rangers",78.15,"Europa League","SCO","<p style=""color:darkgreen"">   78,150,000 €</p>","Rangers (SCO):   78.15 Mio. €",2,0,2,2024-10-22,"&#x2714;&#xFE0F;",2,0,2,0,0,0
50,"<img src=""https://tmssl.akamaized.net/images/wappen/head/170.png"" height=""40""></img>","Rapid Wien",29.35,"Conference League","AUT","<p style=""color:darkgreen"">   29,350,000 €</p>","Rapid Wien (AUT):   29.35 Mio. €",2,0,2,2024-10-22,"&#x2714;&#xFE0F;",2,0,2,0,0,0
14,"<img src=""https://tmssl.akamaized.net/images/wappen/head/23826.png"" height=""40""></img>","RB Leipzig",514.13,"Champions League","GER","<p style=""color:darkgreen"">  514,130,000 €</p>","RB Leipzig (GER):  514.13 Mio. €",0,6,6,2024-10-22,"&#x2714;&#xFE0F;",0,6,6,0,0,0
39,"<img src=""https://tmssl.akamaized.net/images/wappen/head/150.png"" height=""40""></img>","Real Betis",192.4,"Conference League","ESP","<p style=""color:darkgreen"">  192,400,000 €</p>","Real Betis (ESP):  192.40 Mio. €",0,0,0,2024-10-22,"&#x2714;&#xFE0F;",0,0,0,0,0,0
1,"<img src=""https://tmssl.akamaized.net/images/wappen/head/418.png"" height=""40""></img>","Real Madrid",1340,"Champions League","ESP","<p style=""color:darkgreen"">1,340,000,000 €</p>","Real Madrid (ESP): 1340.00 Mio. €",4,6,10,2024-10-22,"&#x2714;&#xFE0F;",2,6,8,2,0,2
75,"<img src=""https://tmssl.akamaized.net/images/wappen/head/681.png"" height=""40""></img>","Real Sociedad",431.2,"Europa League","ESP","<p style=""color:darkgreen"">  431,200,000 €</p>","Real Sociedad (ESP):  431.20 Mio. €",1,0,1,2024-10-22,"&#x2714;&#xFE0F;",1,0,1,0,0,0
35,"<img src=""https://tmssl.akamaized.net/images/wappen/head/159.png"" height=""40""></img>","Red Star Belgrade",59.4,"Champions League","SRB","<p style=""color:darkgreen"">   59,400,000 €</p>","Red Star Belgrade (SRB):   59.40 Mio. €",0,6,6,2024-10-22,"&#x2714;&#xFE0F;",0,6,6,0,0,0
108,"<img src=""https://tmssl.akamaized.net/images/wappen/head/33783.png"" height=""40""></img>","RFS Riga",9.43,"Europa League","LET","<p style=""color:darkgreen"">    9,430,000 €</p>","RFS Riga (LET):    9.43 Mio. €",1,0,1,2024-10-22,"&#x2714;&#xFE0F;",1,0,1,0,0,0
27,"<img src=""https://tmssl.akamaized.net/images/wappen/head/660.png"" height=""40""></img>","Shakhtar Donetsk",161.5,"Champions League","UKR","<p style=""color:darkgreen"">  161,500,000 €</p>","Shakhtar Donetsk (UKR):  161.50 Mio. €",1,6,7,2024-10-22,"&#x2714;&#xFE0F;",1,6,7,0,0,0
69,"<img src=""https://tmssl.akamaized.net/images/wappen/head/3258.png"" height=""40""></img>","Shamrock Rovers",4.28,"Conference League","IRL","<p style=""color:darkgreen"">    4,280,000 €</p>","Shamrock Rovers (IRL):    4.28 Mio. €",1,0,1,2024-10-22,"&#x2714;&#xFE0F;",1,0,1,0,0,0
92,"<img src=""https://tmssl.akamaized.net/images/wappen/head/62.png"" height=""40""></img>","Slavia Praha",86.5,"Europa League","CZE","<p style=""color:darkgreen"">   86,500,000 €</p>","Slavia Praha (CZE):   86.50 Mio. €",3,0,3,2024-10-22,"&#x2714;&#xFE0F;",3,0,3,0,0,0
36,"<img src=""https://tmssl.akamaized.net/images/wappen/head/540.png"" height=""40""></img>","Slovan Bratislava",21.35,"Champions League","SLK","<p style=""color:darkgreen"">   21,350,000 €</p>","Slovan Bratislava (SLK):   21.35 Mio. €",0,6,6,2024-10-22,"&#x2714;&#xFE0F;",0,6,6,0,0,0
31,"<img src=""https://tmssl.akamaized.net/images/wappen/head/197.png"" height=""40""></img>","Sparta Praha",72.4,"Champions League","CZE","<p style=""color:darkgreen"">   72,400,000 €</p>","Sparta Praha (CZE):   72.40 Mio. €",3,6,9,2024-10-22,"&#x2714;&#xFE0F;",3,6,9,0,0,0
88,"<img src=""https://tmssl.akamaized.net/images/wappen/head/1075.png"" height=""40""></img>","Sporting Braga",134.1,"Europa League","POR","<p style=""color:darkgreen"">  134,100,000 €</p>","Sporting Braga (POR):  134.10 Mio. €",2,0,2,2024-10-22,"&#x2714;&#xFE0F;",2,0,2,0,0,0
17,"<img src=""https://tmssl.akamaized.net/images/wappen/head/336.png"" height=""40""></img>","Sporting CP Lisbon",388.9,"Champions League","POR","<p style=""color:darkgreen"">  388,900,000 €</p>","Sporting CP Lisbon (POR):  388.90 Mio. €",5,6,11,2024-10-22,"&#x2714;&#xFE0F;",3,6,9,2,0,2
29,"<img src=""https://tmssl.akamaized.net/images/wappen/head/3911.png"" height=""40""></img>","Stade Brestois",123.7,"Champions League","FRA","<p style=""color:darkgreen"">  123,700,000 €</p>","Stade Brestois (FRA):  123.70 Mio. €",4,6,10,2024-10-22,"&#x2714;&#xFE0F;",4,6,10,0,0,0
33,"<img src=""https://tmssl.akamaized.net/images/wappen/head/122.png"" height=""40""></img>","Sturm Graz",67.9,"Champions League","AUT","<p style=""color:darkgreen"">   67,900,000 €</p>","Sturm Graz (AUT):   67.90 Mio. €",0,6,6,2024-10-22,"&#x2714;&#xFE0F;",0,6,6,0,0,0
72,"<img src=""https://tmssl.akamaized.net/images/wappen/head/10734.png"" height=""40""></img>","The New Saints",2.64,"Conference League","WAL","<p style=""color:darkgreen"">    2,640,000 €</p>","The New Saints (WAL):    2.64 Mio. €",0,0,0,2024-10-22,"&#x2714;&#xFE0F;",0,0,0,0,0,0
74,"<img src=""https://tmssl.akamaized.net/images/wappen/head/148.png"" height=""40""></img>","Tottenham Hotspur",770.5,"Europa League","ENG","<p style=""color:darkgreen"">  770,500,000 €</p>","Tottenham Hotspur (ENG):  770.50 Mio. €",4,0,4,2024-10-22,"&#x2714;&#xFE0F;",4,0,4,0,0,0
51,"<img src=""https://tmssl.akamaized.net/images/wappen/head/3137.png"" height=""40""></img>","TSC Backa Topola",27.95,"Conference League","SRB","<p style=""color:darkgreen"">   27,950,000 €</p>","TSC Backa Topola (SRB):   27.95 Mio. €",0,0,0,2024-10-22,"&#x2714;&#xFE0F;",0,0,0,0,0,0
95,"<img src=""https://tmssl.akamaized.net/images/wappen/head/3948.png"" height=""40""></img>","Union Saint-Gilloise",73.45,"Europa League","BEL","<p style=""color:darkgreen"">   73,450,000 €</p>","Union Saint-Gilloise (BEL):   73.45 Mio. €",1,0,1,2024-10-22,"&#x2714;&#xFE0F;",1,0,1,0,0,0
21,"<img src=""https://tmssl.akamaized.net/images/wappen/head/79.png"" height=""40""></img>","VfB Stuttgart",295.08,"Champions League","GER","<p style=""color:darkgreen"">  295,080,000 €</p>","VfB Stuttgart (GER):  295.08 Mio. €",3,6,9,2024-10-22,"&#x2714;&#xFE0F;",1,6,7,2,0,2
71,"<img src=""https://tmssl.akamaized.net/images/wappen/head/5849.png"" height=""40""></img>","Vikingur Reykjavik",3.49,"Conference League","ISL","<p style=""color:darkgreen"">    3,490,000 €</p>","Vikingur Reykjavik (ISL):    3.49 Mio. €",0,0,0,2024-10-22,"&#x2714;&#xFE0F;",0,0,0,0,0,0
101,"<img src=""https://tmssl.akamaized.net/images/wappen/head/941.png"" height=""40""></img>","Viktoria Plzen",37.85,"Europa League","CZE","<p style=""color:darkgreen"">   37,850,000 €</p>","Viktoria Plzen (CZE):   37.85 Mio. €",2,0,2,2024-10-22,"&#x2714;&#xFE0F;",2,0,2,0,0,0
46,"<img src=""https://tmssl.akamaized.net/images/wappen/head/2420.png"" height=""40""></img>","Vitória Guimarães",45.38,"Conference League","POR","<p style=""color:darkgreen"">   45,380,000 €</p>","Vitória Guimarães (POR):   45.38 Mio. €",2,0,2,2024-10-22,"&#x2714;&#xFE0F;",2,0,2,0,0,0
34,"<img src=""https://tmssl.akamaized.net/images/wappen/head/452.png"" height=""40""></img>","Young Boys",62,"Champions League","SUI","<p style=""color:darkgreen"">   62,000,000 €</p>","Young Boys (SUI):   62.00 Mio. €",0,6,6,2024-10-22,"&#x2714;&#xFE0F;",0,6,6,0,0,0
