"player_id","Owner","Points Overall","Clubs still in","Match Points","Bonus Points","Points Gained This Week","Money Spent in Mio. €","Motto","Twitter","Favorite Club"
"56","Magnus Eriksen","<b>160</b>","3/10",123,37,8,1965.9,"If it aint broke, dont fix it","@","FC København"
"288","Piotr Malecki","<b>157</b>","2/10",124,33,10,1997.13,,"@Just_ShowOff",
"475","Zeno Gorgels","<b>156</b>","1/10",118,38,6,1982.36,,"@",
"489","Tajemniczy Ktos","<b>155</b>","1/10",111,44,6,1947.09,"('-_-')","@","Stella Lubon"
"268","Skanelaget Skanelaget","<b>154</b>","2/10",118,36,7,1733.85,,"@skanelaget",
"811","Florian De Groote","<b>154</b>","2/10",120,34,8,1967.78,"Struggle FC","@watersoaker2","AA Gent"
"1045","Aaron Hoff","<b>153</b>","2/10",96,57,7,1986.01,,"@","FC St. Pauli"
"1043","Ruben Monette","<b>152</b>","3/10",106,46,8,1994.49,,"@","STVV"
"242","Andrew Caskie","<b>150</b>","2/10",113,37,10,1984.23,,"@caskieandrew",
"1055","Nico Bucher","<b>150</b>","2/10",105,45,5,1987.64,,"@Mr__",
"1842","Wojciech Zareba","<b>150</b>","3/10",113,37,9,1992.78,,"@",
"238","Elif Sarigoz Kutuk","<b>150</b>","2/10",102,48,6,1995.1,"We are the best, forget the rest!","@","Atletico Madrid"
"918","Lyubomyr POLYUHA","<b>149</b>","2/10",118,31,8,1937.85,,"@",
"1067","Martin N","<b>149</b>","1/10",108,41,4,1978.54,,"@",
"749","Oguzhan Uyunc","<b>149</b>","2/10",120,29,9,1980.32,,"@","Fenerbahçe"
"844","Pawel W","<b>149</b>","3/10",117,32,11,1983.93,,"@","LEGIA"
"869","Robert Gotthardt","<b>149</b>","1/10",101,48,4,1994.38,"Auf die Schwoazn","@","SK Sturm Graz"
"472","Patrik Nový","<b>149</b>","2/10",115,34,8,1999.18,,"@","Fc Viktoria Plzen"
"744","Mehmet Ali Kütük","<b>149</b>","2/10",99,50,5,2000,"To dare is to do","@","Fenerbahce"
"124","Patrick Caskie","<b>148</b>","2/10",115,33,9,1619.66,,"@patrickcaskie","Rangers"
"664","Calum McAuley","<b>148</b>","3/10",117,31,10,1969.41,"Ready!","@","Rangers"
"692","David Weibel","<b>148</b>","2/10",108,40,7,1992.03,,"@",
"133","František Láša","<b>148</b>","2/10",122,26,7,1995.33,"FC HK to the Champions League","@FandaLasa","FC Hradec Králové (sadly not in European football)"
"843","Daniel Adamczak","<b>147</b>","1/10",111,36,5,1958.85,,"@Ugabuga37",
"892","Pawel Borkowski","<b>147</b>","1/10",111,36,5,1966.83,,"@borek99",
"309","Michal Futboholik","<b>147</b>","2/10",120,27,7,1977.83,,"@",
"395","Max Schmid","<b>147</b>","2/10",114,33,8,1982.76,,"@",
"353","Karol O.","<b>147</b>","2/10",108,39,7,1986.4,,"@","Raków Czestochowa"
"64","Oliver Zesiger","<b>147</b>","2/10",112,35,7,1987.85,"The early bird catches the worm. But the second mouse gets the cheese.","@aulit_z","FC Biel/Bienne"
"790","c britnell","<b>147</b>","1/10",112,35,5,1996.75,"cheap as chips",,
"435","Krzysztof Plucinski","<b>147</b>","2/10",112,35,7,1997.73,,"@","Stomil Olsztyn"
"629","Cameron Gray","<b>146</b>","1/10",115,31,6,1945.18,"COYBIG","@cammyg67","Celtic"
"757","Samuel Schöbi","<b>146</b>","2/10",114,32,8,1983.58,,"@",
"1024","Samuel Schöbi","<b>146</b>","2/10",114,32,8,1983.58,,"@",
"1019","Štepán Komárek","<b>146</b>","1/10",111,35,5,1986.65,,"@Komix_SKS","Slavia"
"411","Kamil Nawrot","<b>146</b>","2/10",112,34,6,1995.48,,"@_shy2ler",
"922","Daniel Kuzma","<b>145</b>","2/10",102,43,7,1951.16,,"@",
"763","Michal Chramecky","<b>145</b>","3/10",113,32,10,1982.16,,"@",
"793","Pavel Fara","<b>145</b>","2/10",115,30,9,1999.73,"Early bird gets to nut","@","Dynamo CB B"
"1073","Gregory Missinne","<b>144</b>","2/10",107,37,7,1888.81,"Bluvn Goan","@","Club Brugge"
"796","Wirunpat Kitipipat","<b>144</b>","1/10",107,37,6,1935.56,"Invest as you will die tomorrow",,"Liverpool"
"989","Glenn Bruvold Pettersen","<b>144</b>","3/10",116,28,12,1968.06,"The Arctic Power","@Mediagl1","Bodø/Glimt"
"676","Michail Pantourakis","<b>144</b>","1/10",111,33,4,1969.28,,,
"387","Filip Unierzyski","<b>144</b>","2/10",113,31,9,1982.88,"Polska Gurom!","@","Pogon Szczecin"
"444","Bartlomiej Jasinski","<b>144</b>","4/10",115,29,11,1983.38,,"@bart_jasinski","Legia Warszawa"
"464","Ido Nestadt","<b>144</b>","3/10",110,34,6,1995.98,,"@radical24NFM","Maccabi Tel Aviv"
"1000","Ned Ebbe","<b>144</b>","1/10",102,42,5,1999.74,,"@",
"428","Luis Reinbold","<b>143</b>","3/10",113,30,11,1970.3,,"@","FC Basel"
"915","Paul Harrison","<b>143</b>","1/10",96,47,3,1970.68,,"@","Servette"
"436","Erfan Hoseiny","<b>143</b>","2/10",113,30,9,1975.01,,"@Eri1806","Esteghlal FC (Iran)"
"900","Pablo -","<b>143</b>","1/10",112,31,7,1993.88,,"@Pawelp98",
"944","Andrei Bugeac","<b>143</b>","3/10",113,30,12,1996.13,,"@AndreiBugeac","Liverpool"
"908","Jens Vertongen","<b>143</b>","1/10",111,32,5,1998.55,,"@",
"872","Oliver Dykes","<b>142</b>","2/10",111,31,8,1912.8,,"@oliverdykes","Chelsea"
"520","Simon Egger","<b>142</b>","2/10",99,43,6,1937.68,"If you can't beat them - buy them","@simoninski","FC Basel 1893"
"157","Paul Hendry","<b>142</b>","4/10",112,30,12,1940.88,,"@paul_hendry","Celtic"
"333","David Mechan","<b>142</b>","2/10",115,27,9,1974.96,,"@",
"1036","Manu Van Wetter","<b>142</b>","2/10",106,36,7,1987.18,"nie pleuje, 9000","@ManuVanWetter","AA Gent"
"438","Firat Koç","<b>142</b>","3/10",117,25,11,1991.83,,"@","Fenerbahçe"
"380","Przemek Swiecinski","<b>142</b>","3/10",111,31,12,1992.19,"kupuj drozej, sprzedaj taniej","@Przem0_o","Legia Warszawa, Raków Czestochowa"
"681","Ali Mammadov","<b>142</b>","2/10",108,34,6,1998.01,"Cica on fire","@AliMammad0v","QARABAG"
"384","Pawel Ratajczyk","<b>142</b>","3/10",119,23,12,1999.61,,"@bdk1985","Lech Poznan"
"272","Marek Zolnowski","<b>141</b>","2/10",112,29,7,1890.3,,"@poshon","Lech Poznan"
"659","Hayden Macdonald","<b>141</b>","1/10",103,38,3,1945.03,"No Surrender","@HMM_1872","Rangers FC"
"81","Evan Greer","<b>141</b>","1/10",98,43,5,1954.86,,"@","Rangers"
"571","Wout Debyser","<b>141</b>","2/10",115,26,10,1956.18,,"@bwowos","Club Brugge"
"1037","Kapi T","<b>141</b>","2/10",107,34,6,1964.26,,"@",
"685","Daniel Bick","<b>141</b>","2/10",111,30,9,1992.46,,"@danielbick21",
"465","jakub mieszambeton","<b>141</b>","1/10",109,32,4,1993.28,,"@mieszambeton",
"936","Rok Testen","<b>141</b>","1/10",105,36,6,1993.58,,"@","Olimpija Ljubljana"
"509","Marc Christiano","<b>141</b>","3/10",99,42,8,1997.5,,"@","Young Boys"
"624","Jens Moorthamer","<b>141</b>","2/10",100,41,4,1998.53,,"@jenskemo","Standard de Liege"
"339","Przemek Pawlas","<b>141</b>","1/10",102,39,3,1998.78,"If I win, hire me as consultant, please xD","@Destroy666x","Arsenal"
"683","Gordon Milnes","<b>141</b>","3/10",119,22,8,1999.1,,"@gpmilnes","Rangers"
"318","Mateusz Duczmal","<b>141</b>","3/10",113,28,9,1999.4,,"@",
"606","Joao Venturelli","<b>140</b>","2/10",109,31,6,1812.95,,"@joaomventurelli",
"199","Tomáš Havlík","<b>140</b>","1/10",103,37,5,1816.81,"Nil satis nisi optimum","@Havlajz","Slavia Praha"
"819","Jarne Froyen","<b>140</b>","4/10",115,25,13,1947.18,,"@",
"707","Nikolaos Garefalakis","<b>140</b>","3/10",98,42,7,1972.71,,"@","Olympiakos"
"439","FRANCOIS ERRARD","<b>140</b>","2/10",100,40,7,1983.79,,"@",
"281","Jakub T.","<b>140</b>","1/10",95,45,3,1997.06,"yolo","@JakubKunanh","Widzew Lódz"
"214","Jindrich Krátký","<b>140</b>","2/10",105,35,7,1998.74,,,
"103","John Taverna","<b>139</b>","2/10",110,29,9,1904.56,,"@",
"7","Aki Kaurismäki","<b>139</b>","0/10",101,38,4,1950.83,,"@sinameki91","Trabzonspor"
"1419","ge fe","<b>139</b>","1/10",104,35,3,1968.15,"No","@",
"670","Slawomir Gerej","<b>139</b>","1/10",107,32,6,1981.4,,"@",
"688","Milos Andjelic","<b>139</b>","1/10",97,42,5,1996.28,"Never in doubt","@AndjelicM","Crvena zvezda"
"32","Hardturm Stadion","<b>139</b>","1/10",102,37,3,1998.98,,"@","GCZ"
"846","Bonne Keehnen","<b>139</b>","1/10",97,42,3,1999.91,,"@",
"725","Tobiasz Drag-Ziemianski","<b>138</b>","2/10",110,28,5,1957.13,"Tobi_dobrze_robi","@d_tobiasz","Aston Villa"
"586","Ege Ozcan","<b>138</b>","2/10",106,32,9,1979.76,,"@ozcanege","Fenerbahce"
"275","Radoslaw Sarnik","<b>138</b>","2/10",95,43,5,1984.21,,"@Radeks94",
"719","Bas Kahr","<b>138</b>","1/10",104,34,7,1987.8,,"@baskahr",
"920","Fabian Gmür","<b>138</b>","2/10",114,24,9,1992.23,,"@FabianGmuer",
"891","Jan Ždárek","<b>138</b>","2/10",103,35,6,1997.61,,"@jan__zdarek",
"899","Jan Ždárek","<b>138</b>","2/10",103,35,6,1997.61,,"@jan__zdarek",
"618","Dario Greco","<b>138</b>","3/10",93,45,8,1998.98,,"@","YB"
"792","Thibault Walgraffe","<b>138</b>","3/10",107,31,10,1999,,"@",
"338","Robin Almasulu","<b>137</b>","1/10",100,37,7,1656.39,,"@",
"1030","Redmer Bouma","<b>137</b>","3/10",101,36,11,1953.26,,"@",
"924","Jens Moorthamer","<b>137</b>","2/10",98,39,4,1969.98,,"@jenskemo1","Standard"
"815","Jeremy Felber","<b>137</b>","2/10",105,32,8,1976.99,"Boniface","@AZN_CheJery","BSC Young Boys"
"654","Marek Kuzminski","<b>137</b>","1/10",99,38,5,1977.03,"We Do Not Bow","@Marco_Martell94","FC Barcelona"
"85","Raffi L","<b>137</b>","2/10",104,33,9,1982.15,,"@raffi1901",
"86","Josip Ivancan","<b>137</b>","2/10",105,32,7,1982.98,,"@IvancanJosip",
"412","Arkadiusz Michalak","<b>137</b>","1/10",97,40,4,1989.72,,"@","GKS Tychy"
"82","Ping Pong","<b>137</b>","1/10",113,24,7,1989.78,"Hapoel Zona","@","Maccabi Tel Aviv"
"890","Joren Froyen","<b>137</b>","2/10",89,48,6,1992.75,"Clubs I like + Club Brugge","@jorenfroyen","Genk"
"576","Piotr Merczynski","<b>137</b>","1/10",102,35,6,1994.59,,,
"1050","James Boag","<b>137</b>","3/10",101,36,9,1996.99,,,
"3","Sonny ZeMaskot","<b>137</b>","2/10",109,28,6,1999.5,,"@","Servette FC"
"881","Ulke Puan","<b>136</b>","2/10",97,39,7,1954.09,"We're focusing on the next matches","@UlkePuan",
"511","Nomolso Netinei Djer","<b>136</b>","3/10",107,29,10,1955.48,"In Europa kennt uns jede, denn Basel het vel Gäld, laufe mer dor frömdi strosse, händ d teenager in de Händ ohh FCB, Mer chaufed Speler för de, Rot ond blau, das send nome mer, blau isch d treui, Rot isch s Konto, ond das isch weisch wie blöd...","@Nomolso_N_Djer","Club Deportivo Peras Blandas & dr grandiosi, onschlagbari, FC BASEL 1893<U+2764><U+FE0F><U+0001F499>"
"401","Mikolaj Dowejko","<b>136</b>","1/10",99,37,3,1973.4,,"@",
"28","Yigit Altinöz","<b>136</b>","0/10",103,33,4,1980.51,"Fun","@yigitaltinoz","Fenerbahçe"
"1078","Marcin Biernacki","<b>136</b>","2/10",106,30,9,1984.98,"Great Mix of Competitions","@Biernalyst","Manchester United"
"635","Paul Preston","<b>136</b>","1/10",96,40,4,1984.98,,"@MrQuizWorthing","Preston North End"
"248","John Verschraeghen","<b>136</b>","5/10",112,24,10,1990.16,,"@",
"764","Kevin Sigel","<b>136</b>","0/10",103,33,2,1992.14,"Dür Räge und Wind","@","YB"
"677","Michail Pantourakis","<b>136</b>","1/10",102,34,4,1995.21,,,
"666","Hugo Meisser","<b>136</b>","3/10",100,36,13,1995.87,,"@hug0_1501",
"198","raphael rehmann","<b>136</b>","3/10",100,36,9,1996.21,,,
"107","Lukas Kerzendörfer","<b>136</b>","2/10",102,34,7,1996.48,,"@flying_lukas","Freiburg"
"294","Damian Majewski","<b>136</b>","2/10",108,28,7,1997.51,,"@zycienawyjezdzi",
"163","Bruno Vinski","<b>136</b>","1/10",97,39,3,1997.96,,"@crowalski","Arsenal"
"785","Tomas Fara","<b>136</b>","0/10",101,35,1,1998.35,"knock it back, have another one","@","Dynamo CB"
"945","Max Zalcman","<b>136</b>","2/10",99,37,5,1998.76,,"@mz_foot",
"736","Maciej B.","<b>136</b>","3/10",110,26,11,1999.48,"There is nothing better than the smell of laga in the evening","@","Wisla Kraków"
"743","Ben Richardson","<b>135</b>","3/10",109,26,11,1938.76,,"@",
"488","Samuel Brask","<b>135</b>","1/10",95,40,4,1955.11,,"@samuel_brask","FC København"
"403","Przemek Cichon","<b>135</b>","2/10",107,28,10,1956.93,,"@",
"608","Patrick Schär","<b>135</b>","1/10",97,38,4,1961.64,,"@ExtraDip78",
"657","Scott Smith","<b>135</b>","1/10",99,36,4,1985.53,,"@",
"717","Lukas Frei","<b>135</b>","3/10",101,34,9,1986.33,,"@",
"718","Lukas Frei","<b>135</b>","3/10",101,34,9,1986.33,,"@",
"491","Luca Maranzano","<b>135</b>","1/10",90,45,4,1987.73,,"@","AC Milan"
"634","TY Chu","<b>135</b>","0/10",95,40,1,1988.47,,"@needle_hill","Benfica"
"691","Milos Andjelic","<b>135</b>","2/10",106,29,10,1989.18,"Also never in doubt","@","Crvena zvezda"
"835","Matej Bruzl","<b>135</b>","1/10",98,37,3,1989.61,,,"Sparta Praha"
"568","Daniel Mitrofanov","<b>135</b>","1/10",105,30,5,1994.18,,"@","FC Barcelona"
"701","Patrick Dell'Oca","<b>135</b>","1/10",101,34,5,1995.78,,"@",
"637","Lars Vogler","<b>135</b>","3/10",111,24,6,1996.91,,"@",
"787","Ales Marek","<b>135</b>","3/10",108,27,12,1996.93,,"@",
"301","Filip Lochowski","<b>135</b>","4/10",113,22,9,1997.93,,"@Filipus321",
"419","Emrah Derel","<b>135</b>","2/10",109,26,5,1998.23,"No pain no gain!","@emrahderel","Fenerbahçe"
"172","Andrew Healy","<b>135</b>","3/10",99,36,10,1999.51,,"@","Celtic"
"954","Jack Vamplew","<b>134</b>","2/10",98,36,7,1952.93,,"@FPL_Kid",
"880","Pavlo Poliuha","<b>134</b>","1/10",104,30,7,1956.11,,"@",
"731","Kamil Šmotek","<b>134</b>","3/10",112,22,12,1957.83,,"@Kamilmotek1","SK Slavia Prague"
"779","aytug abbasoglu","<b>134</b>","2/10",103,31,7,1962.36,,"@Goktug1669","Fenerbahce"
"621","Maciej Pietak","<b>134</b>","2/10",107,27,9,1978.22,,"@maciej_pietak","Chelsea"
"808","Belgian Football Stats","<b>134</b>","1/10",89,45,3,1980.13,"In Belgium We Trust","@belfootstats",
"814","Joni Lemmens","<b>134</b>","3/10",109,25,11,1984.48,,"@AltijdZoutig","Club Brugge"
"449","Elliot Engelgren Verstraeten","<b>134</b>","2/10",102,32,7,1985.67,,"@grenengeln","Liverpool"
"535","Philipp Rüfenacht","<b>134</b>","2/10",104,30,10,1986.76,,"@",
"460","Jakob Jørgensen","<b>134</b>","2/10",109,25,6,1993.45,,"@Coefficionado","FC København"
"1020","rasim kerem atmaca","<b>134</b>","3/10",109,25,10,1993.93,"burasi Kadiköy buradan çikis yok","@","fenerbahçe"
"988","D P","<b>134</b>","2/10",99,35,5,1996.43,"Alli Zäme","@AperolSpri34398","FC Basel"
"453","Marek Mak","<b>134</b>","1/10",101,33,4,1996.95,,"@",
"492","Florian Bodoky","<b>134</b>","1/10",99,35,4,1997.18,,"@",
"714","Michael Christen","<b>134</b>","1/10",95,39,3,1999.27,,"@",
"1018","Bert Vermaelen","<b>134</b>","3/10",106,28,8,1999.8,"Win, lose, spend it all","@bert_vermaelen","Club Brugge"
"885","Karol Majówa","<b>134</b>","1/10",103,31,5,1999.91,,"@",
"210","Jakub Bláha","<b>133</b>","2/10",104,29,6,1610.73,,"@",
"478","Jeff Brown","<b>133</b>","4/10",97,36,11,1936.58,,"@",
"1002","Cakrawala Galang Nusantara","<b>133</b>","2/10",104,29,11,1942.57,"Trust Your Guts","@galangn__","AS Roma"
"113","Gerben Thijs","<b>133</b>","1/10",104,29,7,1942.88,"Best of the Rest","@gerbtheking1","Genk"
"583","Fabian Eszik","<b>133</b>","2/10",107,26,7,1943.6,,"@fasha_4",
"501","Damian Lupinski","<b>133</b>","1/10",106,27,3,1955.2,,,"Arsenal"
"51","Ásmundur Ragnarsson","<b>133</b>","1/10",105,28,3,1970.63,"Win games","@AsmundurSmari","KA Akureyri"
"8","Livio Beerli","<b>133</b>","2/10",94,39,6,1973.78,,"@LAR_Livz","GC"
"942","František Láša","<b>133</b>","2/10",96,37,6,1975.41,,,
"766","José Barrero Jiménez","<b>133</b>","3/10",110,23,10,1977.33,,,"Sevilla FC"
"233","Luca Beck","<b>133</b>","2/10",96,37,5,1979.93,"I have 0 Ball knowledge","@","YOUNG BOYS BERN"
"347","Toni Adediran","<b>133</b>","1/10",93,40,2,1983.53,,"@tonez02",
"599","Michal Voldán","<b>133</b>","3/10",98,35,8,1983.94,,"@michal_voldan",
"55","Yann Guglielmetti","<b>133</b>","3/10",111,22,13,1984.88,"Droit au but","@GugyYann","OM"
"471","Olli Wender","<b>133</b>","2/10",104,29,5,1992.11,,"@","Borussia Dortmund"
"173","Stefan Keller","<b>133</b>","3/10",94,39,8,1996.36,"C'mon Young Boys!","@stYBu","BSC Young Boys"
"611","Scotland's Coefficient","<b>133</b>","1/10",103,30,5,1997.61,"Return your empty jar of Scottish tears for a refund","@scotlandscoeff1",
"939","Bartosz Pilarczyk","<b>133</b>","0/10",93,40,4,1997.84,,"@bartez1993","Legia Warsaw"
"642","Jack Cruden","<b>133</b>","2/10",101,32,7,1997.98,,"@","Rangers"
"768","Richard Specht","<b>133</b>","2/10",96,37,6,1998.97,,"@richiespecht","SK Rapid"
"280","Matez Cichowski","<b>132</b>","3/10",107,25,10,1917.4,,"@maatcichowski","KKS LECH POZNAN"
"739","Jarne Schellinckx","<b>132</b>","1/10",99,33,7,1926.09,,"@jarne2000",
"842","Kilian Weber","<b>132</b>","2/10",106,26,9,1933.98,"Predicted overperformers for this international season","@kilian_weber","FC Schaffhausen"
"528","Michal Domzalski","<b>132</b>","1/10",102,30,7,1975.39,,"@",
"166","Simon de Jong","<b>132</b>","1/10",104,28,6,1980.8,,"@","SC Heerenveen"
"328","Alan D'Arcy","<b>132</b>","2/10",89,43,7,1984.84,,"@weeweegie","Rangers"
"404","Beni Nordmann","<b>132</b>","1/10",89,43,2,1987.87,,"@","FC Basel"
"656","Oli Anken","<b>132</b>","3/10",99,33,6,1989.08,,"@",
"800","Daan Van de Ven","<b>132</b>","3/10",106,26,8,1990.45,,"@daan_vandeven","PSV"
"487","Michael Stotzer","<b>132</b>","3/10",99,33,4,1992.7,,"@messanger",
"643","Pascal Utz","<b>132</b>","2/10",81,51,6,1993.01,,"@",
"984","Christoph Bosnjak","<b>132</b>","1/10",92,40,2,1994.29,,"@Chr_Bosnjak","FC Salzburg"
"1031","Nathan Brown","<b>132</b>","4/10",108,24,12,1994.73,,"@","Norwich"
"253","Jeroen Leenders","<b>132</b>","2/10",100,32,8,1996.09,"There are more airplanes in the sea, than there are submarines in the air","@_jeroen_67","AZ Alkmaar"
"547","Marc Bertschy","<b>132</b>","1/10",96,36,3,1998.2,,"@",
"919","Hubert Kabzinski","<b>132</b>","1/10",93,39,5,1998.77,,"@axevvv","Real Madrid"
"120","Berke Marasli","<b>132</b>","2/10",105,27,9,1999.48,,"@","Fenerbahçe"
"894","Dominik Rollauer","<b>132</b>","0/10",100,32,3,1999.98,,"@ukuesz",
"291","emin yavuz","<b>131</b>","1/10",96,35,4,1930.81,,"@",
"310","Jakub M","<b>131</b>","2/10",108,23,10,1940.43,,"@mnt_str","Legia Warszawa"
"540","Nabil Dali","<b>131</b>","2/10",105,26,5,1941.55,,"@","Lille OSC"
"539","Jordy Brussee","<b>131</b>","2/10",92,39,8,1965.37,"We are going to a win every cup ;)","@JordyRotterdam","Feyenoord"
"415","Konrad Mizera","<b>131</b>","3/10",93,38,8,1965.56,,"@","Raków Czestochowa"
"329","Benj von Falkenstein","<b>131</b>","2/10",102,29,5,1967.37,,"@benjvf",
"726","Lukas Müller","<b>131</b>","3/10",107,24,10,1969.8,,"@",
"373","Mateusz S","<b>131</b>","1/10",100,31,5,1978.61,,"@Mat19606407",
"813","Bjarne Planckaert","<b>131</b>","2/10",92,39,5,1978.85,,"@","Club Brugge"
"417","Samuel Schöbi","<b>131</b>","2/10",97,34,7,1980.72,,"@",
"589","Melk von Flüe","<b>131</b>","3/10",108,23,8,1983,,"@",
"545","Fabio Macca","<b>131</b>","1/10",92,39,5,1983.36,"one point more is better than one point less","@",
"828","Sabri Bekdas","<b>131</b>","2/10",109,22,10,1986.88,"Nieprawda, ze dach przeciekal, szczególnie, ze prawie w ogóle nie padalo","@dbabsur","Górnik Walbrzych"
"824","Tim Keller","<b>131</b>","3/10",96,35,8,1988.81,"They call it Moneyball or something!","@imkeller_5","FC Basel 1893"
"219","Patrick Weirich","<b>131</b>","3/10",109,22,6,1989,,"@",
"486","Drakoulis Goudis","<b>131</b>","3/10",103,28,7,1989.05,,,"Olympiacos"
"901","Beat Flückiger","<b>131</b>","3/10",100,31,8,1993.24,,"@",
"308","Jrk Krl","<b>131</b>","2/10",102,29,6,1993.5,,"@",
"955","Filip Kwiatkowski","<b>131</b>","1/10",98,33,2,1993.66,,"@szczerbateq","Arsenal"
"19","Guillaume Gaoutte","<b>131</b>","1/10",100,31,4,1995.14,,"@gaoutte","Marseille"
"732","Wout Meeuwssen","<b>131</b>","2/10",83,48,5,1995.63,"Chasse Puree","@","LIverpool"
"104","Stef De Poortere","<b>131</b>","2/10",112,19,10,1995.65,,"@MrSythez","Club Brugge"
"177","Marco Burkolter","<b>131</b>","3/10",89,42,8,1995.95,,"@Lpresidente_","Fc Basel"
"174","Arda Garland","<b>131</b>","2/10",111,20,10,1998.23,,"@madarizm","PAOK,Fenerbahçe"
"519","Stuart Gray","<b>131</b>","1/10",101,30,6,1999.98,,"@stuartgray99","Rangers"
"216","James Stuart","<b>130</b>","2/10",109,21,7,1337.58,,"@",
"871","Piotr Zloch","<b>130</b>","3/10",107,23,7,1874.93,"Against modern football with some exceptions","@P_Zlo",
"305","Mat W","<b>130</b>","2/10",90,40,4,1957.78,,"@DWMati","RB Leipzig"
"505","Max Trummer","<b>130</b>","1/10",91,39,6,1970.94,"I am that is","@trummerMax","Sturm Graz"
"978","Görkem Kus","<b>130</b>","2/10",101,29,10,1975,,"@turknetzede",
"799","Batuhan Erzaim","<b>130</b>","1/10",92,38,4,1975.19,"Buy high, sell low","@batu_e1903","Besiktas"
"786","Tony Ramirez","<b>130</b>","3/10",98,32,8,1983.58,,"@",
"14","Marcus Novaa","<b>130</b>","1/10",92,38,3,1985.93,,"@","FC Midtjylland"
"1072","Lukasz Bielawski","<b>130</b>","1/10",98,32,4,1987.14,,"@",
"73","Jens Weirich","<b>130</b>","2/10",90,40,6,1988.73,,"@","FC Basel"
"34","Tom Tom","<b>130</b>","2/10",94,36,6,1994.44,,"@",
"497","Thomas Falconer","<b>130</b>","2/10",102,28,10,1995.06,,"@tflcnr","Rangers"
"601","Lukas Weber","<b>130</b>","1/10",84,46,2,1999.29,,"@",
"999","Fabian Hankey","<b>130</b>","2/10",96,34,5,1999.31,,"@",
"351","Matthis Van Wesemael","<b>130</b>","2/10",94,36,5,1999.61,,"@","kan gent"
"1033","aydincan ozdemir","<b>129</b>","2/10",94,35,7,1865.05,,"@azzurri1907","fenerbahce"
"392","Chris Eggenberger","<b>129</b>","2/10",105,24,7,1917.7,,"@Datenberger",
"882","Jayan Metro","<b>129</b>","3/10",97,32,6,1920.41,,"@",
"87","Ryszard Kucharski","<b>129</b>","2/10",92,37,6,1928.61,"Raz przegrywasz, innym razem tez przegrywasz","@RysiekSuszy","Lech Poznan, Valur Reykiavik"
"758","Andreas Esterer","<b>129</b>","2/10",104,25,9,1941.04,,"@",
"1","Swiss Football Data","<b>129</b>","0/10",84,45,0,1950.66,"Data analysis for the win!","@swissfootdata",
"789","Ondrej Franko","<b>129</b>","1/10",106,23,7,1955.73,,"@",
"381","Lukasz Wolski","<b>129</b>","0/10",95,34,4,1972.33,,"@",
"512","Marco Tastutan","<b>129</b>","2/10",90,39,5,1976.13,,"@",
"270","Alex Hofer","<b>129</b>","2/10",97,32,6,1980.38,,"@inc_alx","BSC YB"
"877","Tomasz Maluski","<b>129</b>","1/10",99,30,4,1986.98,,"@",
"6","Kobe Vanminsel","<b>129</b>","1/10",100,29,5,1989.21,,"@KVanminsel","Krc Genk"
"627","Scotland's Coefficient II","<b>129</b>","3/10",102,27,7,1989.81,"Return your empty jar of Scottish tears for a refund","@scotlandscoeff1",
"290","Kacper Zuk","<b>129</b>","1/10",91,38,3,1993.19,,"@gaspar0301","Liverpool FC"
"690","Lukas Tlucek","<b>129</b>","1/10",96,33,7,1994.11,,"@",
"331","Dawid Raczynski","<b>129</b>","1/10",98,31,7,1994.91,"i dont know","@Raczyn3k","Raków"
"152","Marin Covic-Pavišic","<b>129</b>","1/10",106,23,5,1995.21,"Yeet","@rekasannemore","Hajduk Split"
"149","Andrea Siciliano","<b>129</b>","2/10",105,24,10,1995.23,,"@","Milan"
"581","Michal N.","<b>129</b>","0/10",95,34,4,1996.41,,"@","Raków Czestochowa"
"658","Preslav Galabov","<b>129</b>","2/10",105,24,8,1996.83,"I like peanuts, very salty peanuts!","@","Marek Dupnitsa"
"400","Kamil Grochalski","<b>129</b>","1/10",97,32,4,1997.3,,"@",
"348","Maurin Tscharner","<b>129</b>","2/10",101,28,7,1997.36,,"@","Arsenal FC"
"616","Fabian Spahr","<b>129</b>","1/10",97,32,4,1999.73,,,
"188","Zack Birnie","<b>128</b>","2/10",96,32,4,1921.76,"Win at all costs","@","Rangers"
"983","Robert Banburski","<b>128</b>","2/10",89,39,4,1947.95,,"@",
"515","Thomas Schmidt","<b>128</b>","1/10",106,22,6,1954.16,,"@",
"61","Ward Dobbelaere","<b>128</b>","2/10",92,36,6,1957.89,,"@",
"175","Mister Laudrup","<b>128</b>","3/10",93,35,8,1958.51,,"@",
"60","Evran Akman","<b>128</b>","1/10",94,34,3,1967.48,"Quaresma>>","@","Besiktas"
"366","Jedrzej Jedrasiak","<b>128</b>","2/10",90,38,5,1971.28,,"@j_jedrasiak","Inter Milan"
"208","Mathieu Coucke","<b>128</b>","1/10",95,33,3,1982.68,,"@","US Créteil Lusitanos"
"361","Kacper Krzyzostaniak","<b>128</b>","1/10",98,30,5,1985.73,,"@",
"604","Mark Middelhuis","<b>128</b>","2/10",95,33,8,1987.18,,"@veldmaatboys","FC Twente"
"759","For Vert","<b>128</b>","2/10",105,23,9,1989.01,,,
"938","Aydin CAGDAS","<b>128</b>","0/10",94,34,3,1989.56,,"@acagdas","Fenerbahce"
"986","xhe malja","<b>128</b>","2/10",91,37,5,1996.88,,"@xhemalja",
"888","Filip Slezák","<b>128</b>","1/10",91,37,4,1997.19,,"@",
"633","Stuart MacLean","<b>128</b>","2/10",96,32,6,1998.01,"Tunnocks > Toblerone","@SameOldStuart","Rangers"
"830","Janusz Wojciechowski","<b>128</b>","2/10",105,23,10,1998.23,"To dla pana jeden dzien jest niecale 3, dokladnie 2 koma 702. No to na strate 2 koma 7 no, to jeszcze mozemy sobie pozwolic, ale, zeby stracic 300% czasu… ho, ho, kochany, co to to nie","@AbsurDB",
"962","Dave Fegan","<b>128</b>","1/10",90,38,5,1998.28,"Glasgowsfinest","@dfegan6","Celtic"
"110","Dominik Maeder","<b>128</b>","2/10",93,35,5,1998.62,"Wallies of the World unite","@ShogunDomi","FC Basel"
"213","Damiano Mirabelli","<b>128</b>","2/10",98,30,5,1998.88,"The Mathemagician",,"Fc Basel"
"943","Kamil Sleczka","<b>128</b>","1/10",99,29,4,1998.98,,"@",
"912","Valon Anonymus","<b>128</b>","3/10",107,21,6,1999.53,"Always forward","@ValonCR6","Servette"
"1042","Jamie Corns","<b>127</b>","2/10",98,29,5,1963.68,,"@",
"25","Thomas Erbrich","<b>127</b>","2/10",97,30,7,1977.23,"Aim for the moon and reach for the stars","@toto_1890","Servette FC"
"687","Almog Singer","<b>127</b>","1/10",105,22,6,1979.78,"Spartak trnva + Israel = <3","@SingerAlmog","Real Madrid"
"1065","Noah Chet","<b>127</b>","3/10",100,27,10,1985.34,,"@noah_102134",
"1013","Murat fatih Koçyigit","<b>127</b>","2/10",103,24,8,1986.33,"MFK FC","@","Fenerbahçe"
"698","Swiss Power","<b>127</b>","2/10",99,28,5,1989.98,"Fuck Red Bull","@",
"317","Dawid Shha","<b>127</b>","2/10",94,33,6,1992.01,"Jebac real","@D1dekkk","BVB"
"322","Jan Giolbas","<b>127</b>","2/10",94,33,5,1994.91,,"@Jazzi909",
"663","Grant Mackie","<b>127</b>","0/10",84,43,0,1995.76,,"@grantm_09","Hibernian"
"327","Jakub Gurski","<b>127</b>","3/10",105,22,12,1998.52,,"@","Breiðablik"
"362","Wojciech Dabek","<b>127</b>","2/10",106,21,6,1998.52,"Polish football is the best sitcom ever.","@Aelvir5","Raków Czestochowa"
"562","Florian Raz","<b>127</b>","2/10",94,33,5,1998.61,"Maxime peccantes, quia nihil peccare conantur.","@razinger",
"584","jaol mil","<b>127</b>","2/10",102,25,7,1998.73,,"@",
"190","Josef Weis","<b>127</b>","2/10",103,24,10,1999.88,,"@","SK Slavia Praha"
"953","Alex Bukch","<b>127</b>","2/10",96,31,5,1999.94,,"@",
"79","Fikke Victorssön","<b>126</b>","4/10",99,27,8,1625.58,"Coucke, Baro of de Condé, ze kunnen allemaal nie mee!",,
"364","Kacper Pacocha","<b>126</b>","2/10",94,32,3,1691.18,,"@KacperPacocha1",
"431","Turker G","<b>126</b>","0/10",88,38,2,1791.59,,"@gzrtrkr",
"646","Leisele G","<b>126</b>","1/10",97,29,4,1906.58,,"@Schaermacher","Newcastle"
"261","Jan Birchler","<b>126</b>","2/10",96,30,7,1916.31,,"@mYiJ4N","FC Basel"
"40","Magnus Frimann","<b>126</b>","2/10",90,36,8,1922.11,,"@","FC København"
"689","Stigni .","<b>126</b>","2/10",94,32,4,1956.55,,"@stigni",
"776","Ülke puan Analiz","<b>126</b>","2/10",103,23,8,1958.78,"Avrupa kirmizi beyaz olacak <U+0001F1F9><U+0001F1F7>","@ulke_puan",
"1028","Kacper Traks","<b>126</b>","3/10",106,20,8,1962.26,,"@","Jagiellonia Bialystok"
"686","Quinn Preston","<b>126</b>","1/10",84,42,3,1976.98,,"@","Manchester United"
"536","Karol Rybaczuk","<b>126</b>","1/10",81,45,4,1978.75,"Old Firms and a pinch of Moneyball","@k_rybaczuk","FC Barcelona"
"260","Tech Money","<b>126</b>","1/10",102,24,2,1979.6,,,
"907","Aleš Viktor Capek","<b>126</b>","1/10",77,49,1,1980.66,,"@",
"47","Milko Warming","<b>126</b>","1/10",98,28,7,1980.74,"Feyenoord to the Club World Cup","@","Feyenoord"
"1003","Valentin Fritschi","<b>126</b>","2/10",93,33,5,1985.21,"Europa League is my gold mine","@",
"816","Wojciech Szwed","<b>126</b>","3/10",99,27,9,1985.96,,"@",
"682","Mirsaid Seyidzadeh","<b>126</b>","2/10",88,38,8,1987.13,,"@","Qarabag FK"
"728","Mirco Fischer","<b>126</b>","2/10",94,32,3,1987.74,,"@","Man Utd"
"987","Ahmet Kaya","<b>126</b>","2/10",91,35,8,1989.13,,"@",
"886","Tadeusz Gontar","<b>126</b>","0/10",86,40,0,1992.23,,"@","Legia"
"878","Eugene Kolesnyk","<b>126</b>","0/10",91,35,0,1992.28,"Win Peaks","@EugeneKo_92","Barcelona"
"636","Thomas Cruickshanks","<b>126</b>","1/10",89,37,3,1994.11,,"@",
"591","Mat Busa","<b>126</b>","2/10",93,33,8,1994.66,,"@mat_busa","FC Lugano"
"5","Burak Demir","<b>126</b>","4/10",103,23,9,1995.68,,"@BurakOS17","Fenerbahce SK"
"146","Christophe Kamber","<b>126</b>","1/10",99,27,3,1997.42,,"@",
"1023","Big H","<b>126</b>","1/10",102,24,5,1998.05,"Hader Viborg","@","Midtjylland"
"126","Cobe Stockmans","<b>126</b>","3/10",105,21,6,1998.05,"Ez ws","@Jamesmenames","KAA Gent"
"823","Pierre Jaquet","<b>126</b>","1/10",88,38,3,1998.43,,"@EmperorDvalin",
"394","Rob King","<b>126</b>","3/10",103,23,8,1998.83,"Live, Laugh, Klaksvik","@rokioo","Arsenal"
"529","Sakis Koukos","<b>126</b>","1/10",92,34,2,1999.3,,"@","PAOK"
"41","Fabien P.","<b>126</b>","1/10",79,47,3,1999.46,,"@FabGroundhopper",
"760","Renato Fuchs","<b>126</b>","2/10",82,44,5,1999.73,"Win","@","Fc Basel"
"990","Levin Susar","<b>126</b>","2/10",92,34,8,1999.77,,"@Lvnssr","Fenerbahçe"
"183","Mark Seath","<b>125</b>","3/10",98,27,7,1905.36,"You’ve got to die for three points","@","Rangers"
"377","Kevin Garnett","<b>125</b>","2/10",96,29,7,1934.71,"Nasza Legia Najlepsza w Polsce Jest","@","Legia Warszawa"
"298","Jakub Gawron","<b>125</b>","4/10",104,21,11,1943.37,,"@","Raków Czestochowa"
"855","Bartosz Adamski","<b>125</b>","2/10",92,33,6,1954.85,"Be better than others","@B_Adamski","Slask Wroclaw"
"503","Vojtech Kinda","<b>125</b>","1/10",92,33,4,1968.09,,"@VojtaKinda","Slavia Prague"
"710","Müller Christian","<b>125</b>","0/10",75,50,0,1969.09,,"@",
"848","Pawel Roszyk","<b>125</b>","1/10",98,27,5,1979.1,,"@pawelroszyk",
"640","Tariq Benmalek","<b>125</b>","3/10",95,30,8,1983.42,,"@",
"226","Vojtech Rehák","<b>125</b>","1/10",95,30,4,1983.88,"<U+0001F525>","@vrehak","West Ham"
"36","Jeremy Christian","<b>125</b>","3/10",105,20,9,1984.43,"Champions League is the worst european competition",,"FC BASEL 1893"
"429","Tobias Walt","<b>125</b>","2/10",96,29,8,1986.78,,"TobiasWalt@",
"398","Shefqet Fejzo","<b>125</b>","2/10",100,25,9,1986.98,,"@ShefqetFejzo11","AEK Athens"
"17","Jakub Zeman","<b>125</b>","1/10",99,26,7,1988.28,,"@","Slavia Praha/Liverpool"
"530","Johnni Marcussen","<b>125</b>","2/10",104,21,5,1988.75,,"@JohnniMarcussen","Esbjerg fB"
"821","Arne Joris","<b>125</b>","1/10",96,29,5,1989.96,,"@","Union Saint-Gilloise"
"667","David Marshall","<b>125</b>","2/10",103,22,6,1990.33,,,"Rangers"
"641","Michele Campana","<b>125</b>","2/10",101,24,7,1991.08,,"@mitch_campana","FC Lugano"
"442","Lukas Baca","<b>125</b>","1/10",91,34,5,1991.16,,"@",
"1035","Gael Englebert","<b>125</b>","1/10",92,33,5,1991.93,,"@GaelFord","RSCAnderlecht"
"1047","Martin Mcinnes","<b>125</b>","3/10",87,38,7,1993.06,,"@Mr_SmileyFace6","Rangers"
"62","Nathalie D","<b>125</b>","2/10",91,34,4,1993.2,"Carpe Diem","@PazzaNathy3","Inter Milan"
"252","Piri S","<b>125</b>","2/10",103,22,4,1996.45,,"@",
"354","Franek Cieplucha","<b>125</b>","3/10",102,23,6,1996.55,,"@f_ciep",
"385","Birnweich Basler","<b>125</b>","2/10",91,34,5,1998.38,"Business isch Business, Privat isch Privat (-David Degen)","@bireweich1893","FC Basel 1893"
"1079","Bartu Onaran","<b>125</b>","1/10",94,31,5,1999.72,,"@bartuonaran","Fenerbahce"
"191","Liam Wenger","<b>124</b>","2/10",101,23,7,1856.6,,"@NopeYouNot",
"767","Bora Kerem Ayis","<b>124</b>","2/10",100,24,5,1880.89,"Keroski","@okarowhite","Fenerbahçe"
"423","Cem Yavuz","<b>124</b>","3/10",101,23,6,1904.71,,"@CemNYavuz","Galatasaray"
"433","Joel Blanc","<b>124</b>","1/10",92,32,4,1922.33,,"@Rasta_Jol",
"836","Gordon Morrison","<b>124</b>","1/10",72,52,3,1927.58,"No Surrender","@bouncy_bouncy","Rangers"
"1029","Faruk Isik","<b>124</b>","2/10",89,35,6,1943.46,"Türkiyem","@","Besiktas"
"207","Syben Vandenbussche","<b>124</b>","2/10",98,26,7,1950.15,,"@SYVAND_","KAA Gent"
"675","Emre Marcellinho","<b>124</b>","2/10",107,17,8,1953.38,,"@",
"162","Nicolas Walgraffe","<b>124</b>","1/10",96,28,6,1972.73,,"@","Standard de Liège"
"424","Mads Gerner Pedersen","<b>124</b>","1/10",99,25,3,1975.25,,"@GernerMads","FC København"
"265","Fabio Andrea","<b>124</b>","4/10",94,30,9,1977.5,,"@",
"831","Bert Stoks","<b>124</b>","1/10",83,41,3,1981.71,,"@",
"580","Gert Van Der Goten","<b>124</b>","1/10",105,19,5,1983.51,,"@",
"78","James Fotheringham","<b>124</b>","3/10",98,26,10,1983.58,"Ironowl FM on YouTube","@IronowlFM","Sheffield Wednesday"
"1064","Andrew Holland","<b>124</b>","2/10",91,33,5,1985.46,,"@",
"296","Tomasz Gasowski","<b>124</b>","2/10",104,20,9,1986.38,,,
"493","Aleksa Milinkov","<b>124</b>","0/10",98,26,5,1987.14,,"@","Red Star Belgrade"
"158","Chris Scott","<b>124</b>","0/10",78,46,1,1988.21,,"@christtocs",
"148","Simon Spelman","<b>124</b>","2/10",92,32,4,1988.38,,"@simonspelman","FC Lugano"
"905","Vanja Vulmanovic","<b>124</b>","2/10",100,24,8,1988.48,,"@",
"508","Ross Cummings","<b>124</b>","2/10",100,24,8,1994.33,,"@TheSwissBankie",
"251","Nick Beyeler","<b>124</b>","2/10",97,27,8,1994.83,,"@","BSC Young Boys"
"303","Kuba G","<b>124</b>","2/10",81,43,6,1995.03,,"@",
"358","Artur Zagala","<b>124</b>","3/10",99,25,6,1996.05,,"@ArturZagala","Manchester United"
"125","Simon Urhofer","<b>124</b>","1/10",95,29,7,1996.56,"Long Live Europa Conference League","@SimonUrhofer","LASK"
"684","Batur Bicer","<b>124</b>","1/10",95,29,8,1996.84,,"@","Besiktas"
"917","Thomas Moschig","<b>124</b>","1/10",84,40,3,1997.41,,,
"131","Ante Radeljic","<b>124</b>","2/10",91,33,8,1997.98,"The more, the merrier","@","Manchester United"
"1038","Germain Hancq","<b>124</b>","2/10",90,34,5,1998.09,,"@",
"137","Rémi Le Sciellour","<b>124</b>","1/10",97,27,3,1999.4,,"@","LOSC Lille"
"236","Bobby Bob","<b>124</b>","2/10",94,30,6,1999.74,,"@",
"139","Andrew Leitch","<b>123</b>","1/10",92,31,5,1726.76,,"@","Rangers"
"225","Steven Copland","<b>123</b>","3/10",101,22,10,1837.83,,"@","Rangers"
"575","Lucas Rey","<b>123</b>","1/10",89,34,4,1895.46,,"@BicolasNurdisso","FC Printse-Nendaz"
"71","Antoni Majewski","<b>123</b>","4/10",99,24,12,1957.62,,"@to_amajewski","KÍ Klaksvík"
"737","Théo Koui","<b>123</b>","1/10",89,34,3,1960.91,,"@","Dresden"
"1167","Rob Kedge","<b>123</b>","2/10",86,37,6,1972.18,,"@RobKedge","Arsenal"
"537","Tom Jakomini","<b>123</b>","0/10",85,38,2,1974.99,"SK Lation","@JakominiTom","Schwarz Weiß Graz"
"484","Jarno Witkamp","<b>123</b>","0/10",80,43,2,1975.5,,"@",
"898","Lucas Biglia","<b>123</b>","3/10",97,26,8,1976.56,,"@jarnefroyen",
"755","Hoschi Dude","<b>123</b>","1/10",92,31,5,1980.4,,"@",
"1034","Pawel Stanczuk","<b>123</b>","1/10",98,25,6,1986.13,,"@",
"1173","Pavel Domnicev","<b>123</b>","1/10",89,34,4,1987.33,"No money no fun!","@doit","Slavia Prague"
"371","Mateusz Frohmberg","<b>123</b>","1/10",96,27,5,1988.93,"czy wygramy czy przegramy jeden huj","@","Liverpool"
"981","Marko Vukadinovic","<b>123</b>","3/10",95,28,8,1991.38,"The one who is lying is not running.","@Marvuk","Slavia Praha"
"454","Sven Trottmann","<b>123</b>","2/10",93,30,5,1996.96,,"@Sven1033","FC Basel"
"307","Piotr Winek","<b>123</b>","1/10",96,27,6,1998.21,,"@pitorek",
"1058","Marcin Piechura","<b>122</b>","2/10",96,26,5,1889.79,,"@",
"189","Agshin Garayev","<b>122</b>","2/10",99,23,8,1896.93,"Some of you my die, but it's a sacrifice I'm willing to make (lord Farquaad)","@agshin_garayev","Fenerbahçe"
"461","Hector Lange","<b>122</b>","2/10",87,35,5,1914.55,,"@hector_lange","Basel"
"932","Bilal Atilkan","<b>122</b>","3/10",87,35,9,1925.09,"Ya hep ya hiç","@","Besiktas"
"762","Juan Benjumea","<b>122</b>","0/10",91,31,4,1967.76,,"@_juanbenjumea","USG & Betis"
"1059","Nicolas Puchat","<b>122</b>","2/10",83,39,4,1977.85,,"@nicopuchat","Servette FC"
"95","Tiago N","<b>122</b>","3/10",99,23,6,1981.99,"FORZA LUGANO","@NomlTigi","FC Basel 1893<U+0001F972>"
"1010","Thomas Pitura","<b>122</b>","2/10",96,26,3,1985.65,,"@polskifutbolski",
"534","Vladan Mandic","<b>122</b>","3/10",101,21,8,1985.8,,"@shadyy104","Crvena zvezda"
"334","Sevtin Yumer","<b>122</b>","0/10",92,30,4,1986.71,"Win it all","@seyfettinselcuk","Fenerbahce"
"655","Christian Alonso","<b>122</b>","1/10",86,36,3,1987.07,,"@",
"523","malin mayer","<b>122</b>","2/10",95,27,5,1987.48,,"@","basel"
"234","Mustafa Kutuk","<b>122</b>","2/10",100,22,9,1991.23,"Winning is not an option","@johndorian_107","Fenerbahce"
"246","Rob Martens","<b>122</b>","2/10",84,38,6,1993.14,,"@RobMartens_","PSV"
"485","Yannick Gschwind","<b>122</b>","2/10",96,26,7,1996.21,"what am I doing?","@yanngsc","Basel"
"704","Simon Ammann","<b>122</b>","2/10",85,37,5,1996.73,"dres","@","Internazionale"
"1076","Piotr Arendarski","<b>122</b>","1/10",93,29,2,1997.51,,"@",
"106","Tarik Atakan","<b>122</b>","2/10",97,25,9,1997.53,"Down with the UCL!","@TarikAtakan1907","Fenerbahce"
"626","Stefan Rolli","<b>122</b>","0/10",92,30,3,1997.61,,"@",
"649","Rob Speirs","<b>122</b>","2/10",95,27,6,1998.46,,"@","Hearts"
"972","Jeffrey Gabriel","<b>122</b>","3/10",97,25,8,1998.55,,"@",
"517","Joel Gerster","<b>122</b>","2/10",89,33,5,1999.28,,"@",
"722","Matthias S","<b>122</b>","1/10",98,24,3,1999.64,,"@MaSygm",
"302","Konrad Kubon","<b>121</b>","1/10",79,42,1,1858.78,,"@biedrona1404",
"695","Martin Baturina","<b>121</b>","2/10",83,38,5,1910.54,,"@","Besiktas"
"359","Bartosz Czerwonka","<b>121</b>","1/10",93,28,4,1918.36,,"@",
"748","Matthew Hartley","<b>121</b>","2/10",86,35,6,1922.94,,"@matthew122333","HTAFC"
"774","Mehmet Kurtoglu","<b>121</b>","2/10",102,19,8,1930.9,,"@memooo0716","Fenerbahçe"
"798","Mehmet Kurtoglu","<b>121</b>","2/10",102,19,8,1930.9,,"@memoo0716","Fenerbahçe <U+0001F49B><U+0001F499>"
"1044","Christoph Böhlen","<b>121</b>","1/10",86,35,3,1945.95,,"@",
"565","SEVEN SEVEN","<b>121</b>","2/10",90,31,7,1947.01,"BELIEVE",,
"874","Bartosz Krupnik","<b>121</b>","0/10",78,43,0,1952.09,"Po to Bozia dala oczy, zeby robic na oko.","@ZaH001","Wisla Kraków"
"399","Michal P","<b>121</b>","1/10",89,32,4,1952.31,,"@panpreses",
"896","Radoslaw Czerwiec","<b>121</b>","3/10",90,31,7,1959.63,"I like potatos and sadistic teams","@StylowySM","Polish National Team"
"112","Daan Van Nyen","<b>121</b>","2/10",90,31,5,1967.54,,"@","RSC Anderlecht"
"129","Jako Jakopak","<b>121</b>","2/10",97,24,7,1967.66,,"@","Vardar"
"859","Mateusz Mikolajczak","<b>121</b>","1/10",86,35,2,1968.91,,"@",
"91","Raphael Kirn","<b>121</b>","0/10",85,36,1,1980.29,,"@","SC Freiburg"
"108","Mikkel Skouborg","<b>121</b>","2/10",88,33,8,1984.33,"You miss all the shots you don't take.","@skouborg","FC København"
"267","Amir Bachar","<b>121</b>","2/10",101,20,10,1986.13,,"@SimTheWorld",
"278","Dawid Borek","<b>121</b>","1/10",95,26,5,1988.23,,"@SzuriaToFuria",
"788","Vojtech Marek","<b>121</b>","3/10",96,25,6,1989,"People say nothing is impossible, but I do nothing every day.","@VojtchMarek13","Tottenham Hotspur"
"11","Martin Imobersteg","<b>121</b>","2/10",77,44,6,1997.84,"Make money not friends",,"YB"
"876","Mirek Ozóg","<b>121</b>","1/10",89,32,3,1998.04,"What if You’re Right and They’re Wrong","@","Barcelona"
"1040","Mickael Leduc","<b>121</b>","2/10",90,31,7,1999.28,,"@",
"370","Tomasz Lorens","<b>121</b>","2/10",86,35,5,1999.5,"Business is business","@","Fc Barcelona"
"284","Emil Dudzik","<b>121</b>","2/10",85,36,4,1999.55,,"@EmilD1906","Wisla Kraków"
"1152","Grégory Bays","<b>120</b>","1/10",96,24,6,1775.31,,"@Yorickk_ch","Servette FC"
"390","Kuba Jot","<b>120</b>","2/10",85,35,5,1784.26,,"@qbicaa",
"680","Huseyn Musayev","<b>120</b>","0/10",83,37,4,1873.89,,"@","Qarabag FC"
"337","Michal Ogorzalek","<b>120</b>","3/10",103,17,13,1901.93,,"@",
"374","Michal Pomiecinski","<b>120</b>","1/10",87,33,7,1915.09,"For the win","@wosinw","Bayern"
"414","Mateusz Konsek","<b>120</b>","1/10",89,31,7,1945.93,,"@Mateusz79606544","Real madrit"
"533","Nikolas Garefalakis","<b>120</b>","3/10",93,27,10,1947.11,,"@",
"696","Stinco Clandestino","<b>120</b>","1/10",91,29,4,1960.76,,"@",
"761","Phil Q","<b>120</b>","4/10",94,26,9,1968.9,,"@",
"195","Ahmet Yilmaz","<b>120</b>","2/10",103,17,8,1969.98,,"@",
"77","Joseph Corlett","<b>120</b>","1/10",94,26,4,1970.73,,"@joeycorlett",
"109","Yagiz Varol","<b>120</b>","2/10",96,24,7,1970.86,,"@yagizvarol","Fenerbahçe"
"135","Adrian Aagesen","<b>120</b>","2/10",89,31,6,1979.27,"Victoria Concordia Crescit","@Aagesenadrian","Arsenal"
"432","Diego A.","<b>120</b>","1/10",97,23,5,1981.75,,"@El_Chiquitin__",
"884","Piotr Pawlaczyk","<b>120</b>","1/10",89,31,5,1982.53,,"@","Raków czestochowa"
"336","Bartek Kosek","<b>120</b>","0/10",87,33,2,1983.46,,"@BBarttolini",
"44","Hakim E","<b>120</b>","1/10",91,29,6,1984.51,"I did this on random","@_mrdoorey",
"498","Kerem Cengiz","<b>120</b>","1/10",91,29,6,1985.19,,"@kerem_cengizz","galatasaray"
"647","Martin Crawford","<b>120</b>","3/10",94,26,3,1986.96,"Perfect ten","@crawford7martin","Celtic"
"221","György Ferenczi","<b>120</b>","0/10",95,25,3,1989.35,,"@",
"1051","Marcel Witas","<b>120</b>","0/10",85,35,2,1992.73,,"@mrcl1606","Legia Warszawa"
"26","Luka Krizanac","<b>120</b>","1/10",99,21,9,1993.43,,"@LukaKrizanac",
"570","Simi *","<b>120</b>","2/10",86,34,5,1995.16,"De Leu ufem Liebli scho set chlie","@simi_1901","Fc Luzern"
"548","Paul dearie","<b>120</b>","2/10",101,19,8,1995.58,,"@",
"409","Patrick Johansen","<b>120</b>","3/10",98,22,10,1995.99,,,"Liverpool"
"573","David Iellamo","<b>120</b>","3/10",94,26,8,1996.1,,"@",
"92","Marino Bucher","<b>120</b>","2/10",96,24,7,1996.43,,"@TheSwissPundit","Liverpool FC"
"845","Mateusz Baginski","<b>120</b>","2/10",92,28,7,1997.28,"Hala Madrid","@matiq123","Real Madrid"
"558","Nik Rohrer","<b>120</b>","2/10",74,46,4,1997.34,,"@",
"222","Onur Bartik","<b>120</b>","1/10",89,31,7,1998.33,,,"Fenerbahçe"
"50","Muxtar Muxtaro","<b>120</b>","2/10",100,20,9,1998.66,"Hep Destek Tam Destek","@muxtaro0","Fenerbahçe"
"197","Oscar Kjær Petersen","<b>119</b>","2/10",82,37,4,1941.06,,"@","Tottenham"
"451","Lester Wenich","<b>119</b>","1/10",96,23,4,1947.01,,"@wenichlester","Fenerbahce"
"612","Muhammet Mustafa Bayram","<b>119</b>","3/10",95,24,10,1953.43,,"@",
"416","Michel Domeisen","<b>119</b>","1/10",93,26,4,1972.04,,"@","FC Zürich"
"834","Futbol Warszawa","<b>119</b>","1/10",88,31,4,1975.28,,"@FWarszawie",
"154","Radek Diviš","<b>119</b>","1/10",89,30,4,1979.51,,"@divisradek1","AC Sparta Prague"
"706","Tim Willi","<b>119</b>","3/10",96,23,5,1985.28,,"@","FC St.Gallen"
"476","Pedro Torre","<b>119</b>","2/10",96,23,7,1986.43,"Forza Granata!  1904!","@Pedro_Thrilling","ACB/SLB"
"803","Tobias Niederhauser","<b>119</b>","2/10",80,39,5,1987.15,,"@tnhser","BSC YB"
"259","Oil Money","<b>119</b>","1/10",96,23,6,1988.43,,,
"477","Noa Parren","<b>119</b>","1/10",93,26,5,1989.51,"For French teams thinking is a city in China","@","Fortuna Sittard"
"459","Jakub Kirsek","<b>119</b>","1/10",100,19,3,1989.75,,"@Kirsuu7",
"178","Adi Tschopp-Stammtsichtrainer","<b>119</b>","0/10",98,21,4,1994.5,"LFC & Brighton verstärkt mit Conference League Warriors","@stammtrainer","Leeds, Luzern"
"1022","Ciaran Hugh Reid","<b>119</b>","1/10",83,36,3,1994.61,,"@","Celtic"
"117","Andrew Rowney","<b>119</b>","0/10",92,27,3,1996.28,,"@",
"160","Bugra Oter","<b>119</b>","2/10",90,29,9,1996.66,,"@bu_ggyy","Fenerbahce"
"694","Amit Levy","<b>119</b>","1/10",82,37,4,1997.43,,"@amitlevy30","Hapoel Beer Sheva"
"262","Andi Kaufmann","<b>119</b>","2/10",93,26,7,1999.3,,,
"747","Dominic S","<b>119</b>","3/10",87,32,9,1999.56,,"@",
"352","Lorenzio Rutishauser","<b>119</b>","2/10",92,27,5,1999.74,,"@",
"847","George Serban","<b>119</b>","2/10",87,32,5,1999.83,"Orbis non sufficit","@SirBanGeo","FC Basel"
"596","till jost","<b>118</b>","2/10",96,22,5,1964.1,,"@",
"1041","Karolina Eschik","<b>118</b>","1/10",88,30,5,1978.18,,"@",
"293","Karol Kajdan","<b>118</b>","2/10",101,17,8,1978.43,,"@","Radomiak"
"159","Gal Senekovic","<b>118</b>","2/10",98,20,8,1981.76,,"@galsenekovic","Maribor"
"10","Jonathan Tunik","<b>118</b>","0/10",98,20,6,1987.11,"Buying club is like picking cherries","@JonathanTunik","Servette"
"33","Daan Warming","<b>118</b>","0/10",92,26,4,1991.01,"Feyenoord to the club world cup","@","Feyenoord"
"349","Sean Cummins","<b>118</b>","2/10",92,26,7,1991.25,,"@seanxcummins","Shamrock Rovers"
"810","Dominic Aerts","<b>118</b>","2/10",90,28,7,1992.63,,"@praet0rian86",
"447","Salih Sohret","<b>118</b>","3/10",88,30,7,1993.71,"Rising Sun Over Earth","@onursohret","Fenerbahçe"
"527","M Oertle","<b>118</b>","2/10",88,30,4,1994.23,"Moneyball","@_moertle",
"254","Ruben Schönenberger","<b>118</b>","1/10",71,47,1,1994.58,,"@rubensch",
"422","Luca Apotheloz","<b>118</b>","2/10",87,31,5,1996.2,,,"Servette"
"567","Pippie Beegden","<b>118</b>","1/10",91,27,6,1996.31,"It was as if that great rush of anger had washed me clean, emptied me of hope, and, gazing up at the dark sky spangled with its signs and stars, for the first time, I laid my heart open to the benign indifference of the universe. To feel it so like myself, indeed, so brotherly, made me realize that I'd been happy, and that I was happy still. For all to be accomplished, for me to feel less lonely, all that remained to hope was that on the day of my execution there should be a huge crowd of spectators and that they should greet me with howls of execration.","@","Roda JC Kerkrade"
"615","Sebastien Walthert","<b>118</b>","2/10",90,28,8,1996.41,,"@","Servette FC"
"452","J D","<b>118</b>","3/10",101,17,9,1997.81,,"@",
"713","Oliver Eckelhart","<b>118</b>","1/10",86,32,3,1998.08,,"@",
"355","Kamil Kowalski","<b>118</b>","1/10",88,30,3,1998.7,,"@kamil__kowalski",
"369","Szymon Korytnicki","<b>118</b>","0/10",75,43,0,1999.03,,,
"421","james crossan","<b>118</b>","3/10",90,28,7,1999.15,,"@jamescrossan8",
"585","David K","<b>118</b>","1/10",81,37,3,1999.26,,"@",
"335","Nopan Dapoint","<b>118</b>","1/10",87,31,2,1999.38,,"@",
"138","Kalop Rexan","<b>118</b>","0/10",93,25,3,1999.43,,"@","Novi Pazar"
"715","Luc Baumann","<b>118</b>","3/10",90,28,8,1999.56,,"@",
"1069","Martin Kappus","<b>117</b>","2/10",91,26,3,1672.83,,"@Martinet","VfB Stuttgart"
"145","Dominik Donzé","<b>117</b>","2/10",90,27,8,1693.46,"Work smarter not harder","@dominikdonze","FC Basel 1893"
"1075","yann sokamessou","<b>117</b>","1/10",84,33,3,1789.03,,"@jayannfaceb",
"345","Tomasz Jonca","<b>117</b>","2/10",93,24,3,1835.81,,"@","Raków"
"693","Emrello Mamarcelli","<b>117</b>","1/10",84,33,5,1911.22,,"@",
"194","Jo Flaegstad","<b>117</b>","1/10",89,28,5,1936.98,,"@joflag","Rosenborg"
"1046","maxime ibeas","<b>117</b>","1/10",84,33,4,1958.93,,"@VeVenom","OM"
"769","Urs Widmer","<b>117</b>","1/10",85,32,4,1961.56,"weiw","@","BSC Young Boys"
"780","Ilker Ugur","<b>117</b>","2/10",92,25,7,1979.46,,"@",
"805","Lio Fernandes","<b>117</b>","3/10",97,20,6,1990.7,,"@","FC Porto"
"1428","Nicola Imfeld","<b>117</b>","1/10",90,27,4,1990.91,"GC isch und blibt Rekordmeister<U+0001F618>","@Nicola_Imfeld","GC Zürich"
"97","David Meili","<b>117</b>","1/10",79,38,3,1994.29,,"@Tired_Robot","FC Basel"
"372","Lukasz Podgórski","<b>117</b>","2/10",80,37,4,1994.85,,"@Pagor93","Juventus"
"15","Matthias Loser","<b>117</b>","3/10",82,35,8,1996.55,"Show me the money!","@matsloser","FC Basel"
"295","Wiktor Morawski","<b>117</b>","1/10",92,25,3,1998.06,,"@",
"325","Eric Amstutz","<b>117</b>","0/10",98,19,3,1998.3,"Concference League und City","@","YB"
"1012","Patrick Meier","<b>117</b>","3/10",97,20,6,1998.93,,"@",
"356","Krzysztof Barticzka","<b>117</b>","1/10",81,36,2,1999.13,,"@KBarticzka","MKS Pogon Szczecin"
"170","Pierre avw","<b>117</b>","2/10",85,32,5,1999.61,,"@pierreavw","Ajax"
"588","David Schnider","<b>116</b>","1/10",85,31,2,1736.55,,"@","FC Winterthur"
"752","Eliot Zeka","<b>116</b>","2/10",80,36,5,1898.04,,"@KSV1890","Servette FC"
"274","Milosz Krysiak","<b>116</b>","2/10",83,33,5,1916.07,"Per Aspera Ad Astra","@","Warta Poznan"
"639","Jens Lehmann","<b>116</b>","2/10",101,15,8,1925.23,,"@Eidgenoss5",
"555","Theo Sakyi","<b>116</b>","1/10",96,20,6,1941.78,,"@TKSakyi",
"21","AxpoSL YoungBoy","<b>116</b>","1/10",80,36,2,1963.13,,"@AxpoSLYoungBoy",
"620","Simon Ammann","<b>116</b>","2/10",87,29,5,1974.85,,"@","Barcelona"
"543","Wout Meeuwssen","<b>116</b>","1/10",89,27,6,1975.58,,"@ChassePuree","Liverpool"
"258","Tobias Seger","<b>116</b>","1/10",94,22,4,1977.42,,"@","FC Basel 1893"
"738","Maciej Bartoszewski","<b>116</b>","3/10",93,23,7,1979.02,,"@MBarts_",
"587","nic we","<b>116</b>","2/10",94,22,7,1980.66,,"@",
"541","Stuart Campbell","<b>116</b>","2/10",102,14,8,1981.68,,"@","Rangers"
"829","Jimmy B","<b>116</b>","1/10",87,29,5,1983.29,,"@","Feyenoord"
"671","Kerem Eyuboglu","<b>116</b>","1/10",91,25,4,1986.01,"I believe in our turkish rivals","@kerem_eyb","Galatasaray"
"410","Emre Atasayar","<b>116</b>","2/10",98,18,6,1986.68,,"@",
"69","André Ferreira","<b>116</b>","1/10",78,38,2,1992.1,,"@branco_marega","FC Porto"
"1057","Sam Bra","<b>116</b>","1/10",88,28,6,1994.27,,"@",
"1053","Marin Golubic","<b>116</b>","1/10",86,30,6,1994.93,,"@marinc3kk","Rijeka"
"287","Marcin Grudziaz","<b>116</b>","2/10",84,32,4,1995.9,"Latwiej kijek obcienkowac niz go potem pogrubasic","@MarcinGrudziaz","Legia"
"1062","Tiago Alves","<b>116</b>","2/10",91,25,6,1998.38,,"@tiago_alvs_","Benfica"
"961","Szymon Bozykowski","<b>116</b>","1/10",90,26,4,1998.71,,"@","Legia Warszawa"
"161","Neal Aebersold","<b>116</b>","0/10",89,27,2,1999.05,,"@","BSC Young Boys"
"1060","Rani El Hassan","<b>116</b>","2/10",80,36,5,1999.55,,"@cmpaso",
"911","Fenerbahce Fenerbahce","<b>116</b>","2/10",98,18,8,1999.78,"Ananinamigalatasaray!","@",
"702","J F","<b>116</b>","0/10",75,41,0,1999.78,"Geh nie denselben Weg wie andere! Außer du bist in einem dunklen Wald, hast dich verlaufen und weißt nicht wo es lang geht","@","FC St.Gallen"
"232","Ludvig Ståhl","<b>116</b>","0/10",78,38,1,1999.78,"i spent way too much time buying the clubs","@ludvigclws","Malmö FF"
"610","Michael Hai","<b>115</b>","1/10",80,35,3,1481,,"@Michaelhai9","Macabi haifa"
"661","Tommy Massie","<b>115</b>","2/10",81,34,5,1842.86,,"@mt1903_","Aberdeen"
"271","Dawid Gosciak","<b>115</b>","1/10",91,24,4,1855.3,,"@dawidgosciak",
"481","George Klitsis","<b>115</b>","1/10",86,29,3,1894.19,"Future dreamers",,
"426","Robert Garrick","<b>115</b>","2/10",83,32,4,1936.58,"Ready","@glasrang",
"1032","Berath Demirel","<b>115</b>","2/10",90,25,8,1939.53,,"@","Fenerbahçe"
"812","Kenebey Kirsehir","<b>115</b>","0/10",86,29,3,1956.65,,"@","Fenerbahçe"
"330","Kieran Crossman","<b>115</b>","0/10",87,28,1,1966.03,,"@kieranjcrossman",
"771","Ben Doeven","<b>115</b>","1/10",86,29,6,1973.76,"Let´s go!","@","AFC Ajax"
"741","Alain Légeret","<b>115</b>","3/10",86,29,8,1977.42,"Tempora mori tempora mundis recorda","@","Bayern München"
"192","Ben Tregoning","<b>115</b>","4/10",95,20,9,1981.54,"someone had to pick the unwanted Serbians","@officialtreglol","Sutton United"
"923","Erhan KIYAK","<b>115</b>","1/10",88,27,6,1984.46,"You will win","@erhankiyak_","Galatasaray"
"699","Jan Schläpfer","<b>115</b>","1/10",86,29,2,1990.2,,"@",
"967","mehmet emin mutlu","<b>115</b>","3/10",88,27,9,1992.19,,"@m_eminmutlu","Trabzonspor"
"35","Don Promillo","<b>115</b>","2/10",94,21,8,1993.32,"What is ""Champions League""?","@donpromillion","BSC Young Boys"
"445","Ignacio Garcia Vera","<b>115</b>","3/10",97,18,8,1993.85,,"@PepeHadzibegic","Real Betis"
"1008","Zelislaw Zyzynski","<b>115</b>","0/10",78,37,1,1995.98,"Have fun!","@ZelekZyzynski",
"679","Cavid Necefov","<b>115</b>","2/10",77,38,5,1996.87,"mes que un club","@cavid_i_m","Qarabag FK"
"992","Jonas Zürrer","<b>115</b>","2/10",82,33,6,1997.24,"gut kick","@digittyjones","FC Zürich"
"240","Nick B.","<b>115</b>","0/10",75,40,1,1998.45,,"@",
"551","Aranyc Sapat","<b>115</b>","3/10",88,27,8,1998.58,"Today i feel rich","@",
"43","Lucas Roger","<b>115</b>","2/10",80,35,6,1998.69,,"@","SERVETTE"
"619","Richard Fussballgott","<b>115</b>","0/10",84,31,2,1999.38,,"@",
"1026","Victorien Rodondi","<b>115</b>","2/10",81,34,5,1999.56,,"@",
"88","Michael Vester","<b>115</b>","1/10",99,16,7,1999.65,,"@",
"727","Michael Niegel","<b>115</b>","1/10",80,35,3,1999.66,,"@",
"496","Slawomir Gerej","<b>115</b>","0/10",84,31,1,1999.85,,,
"227","Emanuel Wyss","<b>115</b>","3/10",96,19,7,1999.89,,"@emanuel_wyss",
"397","Tim Kaufmann","<b>114</b>","1/10",96,18,5,1144.25,"ich mach so und noch schlimmer","@","fc basel"
"456","Wertousek Wert","<b>114</b>","1/10",81,33,4,1539.94,,"@wertousek","Slavia"
"1063","Branko Popovic","<b>114</b>","2/10",88,26,3,1959.04,,"@krkanpopan","Red Star"
"510","Ben Matthes","<b>114</b>","1/10",85,29,3,1959.4,"realise realise realise","@benma44","Manchester United"
"84","Maximilian Meyer","<b>114</b>","2/10",89,25,5,1971.28,,"@meyermaximilian",
"413","Niek Wouters","<b>114</b>","0/10",81,33,1,1974.19,"Veni, Vidi, obtinuit III puncta",,"Brighton"
"388","Foot Bâle","<b>114</b>","3/10",98,16,9,1975.6,"Rotblaulive","@",
"196","Jesper Særvoll Kvammen","<b>114</b>","2/10",91,23,4,1978.18,,"@","Manchester united"
"480","Jonathan Nicola","<b>114</b>","0/10",89,25,0,1980.88,,"@",
"250","Jordan Huart","<b>114</b>","1/10",95,19,9,1982.08,"CoefficientBelgeNamur","@Huart8huart","La Gantoise"
"1049","Siebe Beuten","<b>114</b>","3/10",95,19,5,1986.27,"Belgium teams first!!! (except for Antwerp)","@5YSiebee","KRC Genk"
"420","Aleksandar Kilibarda","<b>114</b>","1/10",91,23,4,1990.33,,"@",
"756","Christian K.","<b>114</b>","2/10",83,31,5,1993.54,,"@","BSC Young Boys"
"483","Mehmet Mert Kaplan","<b>114</b>","1/10",89,25,5,1993.84,,"@MehmetMertKpln","Fenerbahçe"
"856","Przemyslaw Antoszczyk-Marciniak","<b>114</b>","1/10",84,30,3,1994,"Vincere non è importante, è l'unica cosa che conta","@Przemek_A_M","Juventus FC"
"958","Leandro Brunner","<b>114</b>","1/10",89,25,7,1994.81,"win every game","@lelemmv","FC Schaffhausen"
"946","Scott Aikman","<b>114</b>","1/10",89,25,4,1997.33,,"@",
"74","Luc van der Veen","<b>114</b>","1/10",76,38,2,1998.05,,"@","Manchester United"
"179","mac bac","<b>114</b>","3/10",93,21,7,1998.88,"in cervisia veritas","@","FCSG!!!"
"90","Alex Donaldson","<b>114</b>","1/10",84,30,4,1999.04,,"@",
"820","Michael Zuberbühler","<b>114</b>","2/10",86,28,7,1999.35,,"@",
"466","Frederick Dürr","<b>114</b>","0/10",88,26,2,1999.43,"de gustibus non est disputandum","@","Nordstern Basel"
"916","Pavel Domnicev","<b>114</b>","1/10",73,41,2,1999.47,"Praha je...","Tchevp@","Slavia Praha"
"441","Dejan Cah","<b>113</b>","1/10",83,30,5,1652.51,"""we'll be champions if they allow it""","@","Hajduk Split"
"67","Hakan Alex Sen","<b>113</b>","1/10",89,24,4,1782.4,"Boycott New 24/25 Format!","@finnishkebab","Besiktas"
"1001","Robin Windels","<b>113</b>","1/10",93,20,6,1883.78,,"@kqspace","Club Brugge"
"1017","Tuna Utku Vatansever","<b>113</b>","2/10",78,35,6,1936.09,,"@",
"735","Josef Perstaller","<b>113</b>","2/10",90,23,8,1937.53,"America first, Austria second","@",
"212","Colin Murray","<b>113</b>","0/10",83,30,2,1950.66,"We are the people","@ColinMu46255799","Rangers"
"644","Tack Head","<b>113</b>","1/10",82,31,4,1958.77,,"@",
"879","Adam Maciejewski","<b>113</b>","0/10",76,37,2,1978.04,,"@Adam91pl","Lech Poznan"
"244","simon wandeler","<b>113</b>","2/10",75,38,5,1982.8,,"@",
"806","Juan Benjumea","<b>113</b>","0/10",86,27,3,1988.16,,"@_juanbenjumea",
"858","Dario Schnetzer","<b>113</b>","2/10",80,33,6,1988.69,"BVB WILL WIN THE CL","@daarsc21","BVB"
"971","Ertugrul Okan","<b>113</b>","1/10",88,25,3,1989.58,"All I do Is Win","@ertugrulokan","Besiktas"
"1061","jeremy wood","<b>113</b>","1/10",79,34,2,1991.54,,"@woodjere","aberdeen"
"434","Steven Delaney","<b>113</b>","2/10",82,31,6,1992.68,,"@",
"506","Maike Hensgens","<b>113</b>","2/10",85,28,6,1992.91,"Coëfficiënten polonaise",,"Ajax"
"631","David Stewart","<b>113</b>","0/10",79,34,2,1994.44,"READY","@stewarty315","Rangers"
"672","Ignaz Müller","<b>113</b>","2/10",78,35,4,1995,,"@",
"123","Henrik Zimmermann","<b>113</b>","3/10",84,29,8,1995.43,,"@",
"613","Christian K.","<b>113</b>","3/10",86,27,8,1995.65,"Ever tried. Ever failed. No matter. Try again. Fail better.","@","YB"
"781","Noel Ritschard","<b>113</b>","1/10",71,42,3,1997.54,"umeee","@","FCZ"
"720","Patrick Dodane","<b>113</b>","0/10",74,39,0,1997.81,,"@",
"648","Jonathan Swindell","<b>113</b>","1/10",86,27,3,1998.9,,"@","Aberdeen"
"751","Graeme Cormack","<b>113</b>","2/10",88,25,4,1999.5,,"@gjcormack","Rangers"
"276","Pawel Marzec","<b>113</b>","0/10",77,36,1,1999.93,,"@",
"223","Adam Allan","<b>112</b>","1/10",78,34,5,1732.1,"Blue through and through","@_adz85","Glasgow Rangers"
"383","James Melville","<b>112</b>","2/10",85,27,7,1897.83,,"@ixatara","Manchester United"
"406","Rafal Starosta","<b>112</b>","1/10",84,28,3,1945.98,,"@",
"140","Zach Klugo","<b>112</b>","1/10",80,32,1,1955.94,,"@",
"147","Sebastian Eriksen","<b>112</b>","1/10",94,18,6,1977.42,,"@Seeberik","Vålerenga"
"951","Marcin Nowak","<b>112</b>","1/10",87,25,5,1984.58,,"@",
"319","Blazej Chyla","<b>112</b>","1/10",83,29,6,1987.21,,"@",
"668","Zak Meyer","<b>112</b>","1/10",71,41,5,1990.58,"Swiss football to the moon","@zmazebowl","Liverpool FC"
"935","Zar Robospov","<b>112</b>","2/10",97,15,10,1990.63,,"@",
"854","Michal S","<b>112</b>","2/10",99,13,8,1991.33,,"@",
"437","Onur Sohret","<b>112</b>","2/10",86,26,6,1993.94,"Rising Sun Over Europe","@hallederizas","Fenerbahçe"
"30","Stephane Combe","<b>112</b>","1/10",79,33,3,1994.83,,"@Stephane_Combe",
"363","Marcin Dabrowski","<b>112</b>","0/10",91,21,4,1997.63,,"@bauskigoku",
"313","Dawid Zielonka","<b>112</b>","2/10",86,26,6,1997.9,,"@grini23",
"809","Samuel Meier","<b>112</b>","2/10",93,19,7,1999.13,,"@","Gcz"
"913","Dave ORourke","<b>112</b>","2/10",88,24,6,1999.78,,"@Kingdor",
"1077","Kingsley Reborn","<b>112</b>","1/10",79,33,4,1999.83,,"@kingsleyreb0rn","Arsenal"
"332","Norbert Rompczyk","<b>111</b>","1/10",82,29,3,1759.66,,"@NorbiDupomTrabi","Arka Gdynia"
"837","Michal Cwiek","<b>111</b>","2/10",92,19,8,1851.83,,"@MCwiek4",
"669","Nik Hart","<b>111</b>","0/10",75,36,1,1940.1,,"@",
"745","Bastian Cau","<b>111</b>","1/10",77,34,2,1940.86,,"@SCFVideo","SC Freiburg"
"134","Jákup Ósá","<b>111</b>","1/10",82,29,7,1953.38,,"@",
"321","Antonio Giachino","<b>111</b>","2/10",88,23,8,1968.95,"WWM",,
"143","Adam Robertson","<b>111</b>","2/10",77,34,4,1978.59,"No Surrender","@atrobbo","Rangers"
"678","Teymur Shamidinov","<b>111</b>","2/10",75,36,6,1980.07,"Dima","@","Bayern"
"1016","Daniel Karui Saemala","<b>111</b>","0/10",76,35,0,1982.56,"North London is Red","@Hovdingen93","Midtjylland"
"201","Alexander Herzog","<b>111</b>","1/10",87,24,5,1990.56,"Big clubs in smaller competitions <U+0001F441><U+FE0F>","@ajaywuermli","Basel :("
"617","Michael Renaudin","<b>111</b>","1/10",75,36,5,1992.79,,,
"311","takier rzeczy","<b>111</b>","3/10",93,18,6,1992.9,,"@",
"304","X D","<b>111</b>","1/10",91,20,7,1994.88,,"@",
"132","Lew McGoo","<b>111</b>","2/10",80,31,7,1997.84,,"@","Rangers"
"557","Stefan Vetsch","<b>111</b>","2/10",80,31,5,1998.62,"Don't hate the player, hate the game","@","YB"
"165","Stefan Zivkovic","<b>111</b>","1/10",79,32,4,1999.05,,"@SZ_992","Red Star"
"24","Mathias Kainz","<b>111</b>","0/10",86,25,3,1999.43,"Wer zahlt, schafft an!","@MathiasKainz","Austria Klagenfurt"
"940","B A","<b>111</b>","2/10",84,27,7,1999.5,,"@",
"697","Sean Woodman","<b>111</b>","0/10",81,30,2,1999.81,,"@woody773","Glasgow Rangers"
"365","HUBERT Szczech","<b>110</b>","2/10",82,28,5,1923.36,"Follow the sun","@",
"525","d b","<b>110</b>","1/10",74,36,3,1929.46,,"@",
"801","Chris -","<b>110</b>","0/10",66,44,0,1930.84,"Win is Win","@","FC Basel"
"733","Camille Hoover","<b>110</b>","0/10",73,37,1,1956.29,"Navigating the toxic maze","@DrogieSR","GCZ"
"206","R R","<b>110</b>","1/10",79,31,5,1962.36,,"@",
"964","Karol Krakowiak","<b>110</b>","1/10",78,32,3,1983.48,,"@iamkrakowiak",
"582","Jonas Künzi","<b>110</b>","2/10",84,26,5,1987.91,,"@itsmejonas_",
"418","Lukas Hugentobler","<b>110</b>","1/10",77,33,2,1991.63,"Ai Stadt Ai Club Ai Liebi","@Lukaz1893","FC Basel"
"204","Imso Dns","<b>110</b>","2/10",82,28,7,1993.01,"Y'a pas plus fort","@imsodns","LS"
"853","Bartosz Czyzewski","<b>110</b>","1/10",82,28,3,1994.02,"moneyball","@merksen99","Wisla Plock"
"171","Rab Forsyth","<b>110</b>","2/10",82,28,4,1994.04,"Ready","@rab_kebab","Rangers"
"187","Mathieu Fauchère","<b>110</b>","2/10",84,26,6,1995.71,,"@Maedhros_16","Sion"
"1048","Ali Farhat","<b>110</b>","1/10",78,32,3,1995.83,"World champions of what ?","@derpariser",
"1066","Craig Adair","<b>110</b>","2/10",79,31,6,1998.14,,"@craigybhoy94","Celtic"
"256","Jonas Hirschi","<b>110</b>","1/10",88,22,4,1998.25,,"@JHirschi",
"116","Julian Janssen","<b>110</b>","0/10",76,34,0,1998.25,".","@","."
"887","Manuel Tuscher","<b>110</b>","1/10",83,27,4,1998.63,,"@",
"594","Nathan Campbell","<b>110</b>","1/10",70,40,2,1998.86,"Aye Ready",,"Rangers"
"524","Nick Conway","<b>110</b>","1/10",86,24,5,1999.93,,"@nicholasconway","YB"
"1068","Brian Cops","<b>109</b>","1/10",81,28,3,1313.8,,,
"950","Ross McManus","<b>109</b>","0/10",69,40,0,1826.93,,"@",
"469","Arvids Stasans","<b>109</b>","0/10",88,21,5,1828.86,,"@",
"1074","Nick Verhellen","<b>109</b>","3/10",81,28,9,1855.03,,"@NickVerhellen","Club Brugge"
"136","Romain Gonon","<b>109</b>","0/10",75,34,4,1890.13,"Auuu Nooooord","@","RC Lens"
"514","Alexander Staehelin","<b>109</b>","3/10",85,24,8,1926.53,"superbia in proelio","@AFStaehelin","can't say."
"52","Axel Gaspoz","<b>109</b>","0/10",77,32,2,1927.01,,"@","Servette"
"549","Can Selçuk Yildiz","<b>109</b>","2/10",92,17,4,1935.5,"GO GLORY","@","ADANADEMIRSPOR"
"379","Seb Bieganski","<b>109</b>","1/10",73,36,3,1961.18,,"@sebbolla","Lech Poznan"
"425","Melvin Wåhlén","<b>109</b>","1/10",77,32,4,1984,"victoria amat curam","@MelvinW05","Liverpool FC, Degerfors IF"
"257","Jean Thomas","<b>109</b>","1/10",71,38,2,1985.92,,"@",
"1747","Turan Suzan","<b>109</b>","1/10",80,29,4,1987.04,,"@","Sivasspor"
"130","Sven Schumann","<b>109</b>","2/10",75,34,5,1989.19,,"@","FC Basel"
"119","ALAN DOUGLAS","<b>109</b>","1/10",84,25,5,1991.83,"No Surrender","@","Rangers FC"
"622","Nik Jošt","<b>109</b>","1/10",82,27,2,1992.81,,"@sloveninho1",
"89","Jeroen Christen","<b>109</b>","1/10",86,23,1,1993.53,,"@Thrindon1",
"1070","Krzysztof Lach","<b>109</b>","1/10",76,33,2,1995.28,,"@",
"118","Mishel Cela","<b>109</b>","1/10",80,29,5,1995.49,,"@",
"473","Silas Wieland","<b>109</b>","0/10",64,45,0,1997.55,,"@","Swansea"
"723","M Ku","<b>109</b>","0/10",76,33,1,1997.69,,"@",
"186","Michael Tschaeni","<b>109</b>","1/10",81,28,2,1998.21,,"@MiTschaeni",
"889","Oskar Lodowski","<b>109</b>","2/10",73,36,6,1998.8,,"@lodzio.miodzio","Legia"
"367","David Amstutz","<b>109</b>","1/10",75,34,2,1999.59,,"@",
"662","Dylan Greer","<b>108</b>","3/10",86,22,5,1660.88,,"@dylangreer14",
"650","Andelo Roguljic","<b>108</b>","1/10",78,30,7,1899.1,,"@andjelo1207",
"921","Çagri Canöz","<b>108</b>","1/10",91,17,6,1955.03,,"@","Besiktas"
"446","Gary Fountain","<b>108</b>","1/10",89,19,7,1962.86,"We are the people","@fumtayxx","Rangers"
"754","Eliana Amboni","<b>108</b>","1/10",82,26,3,1965.16,"Conference League best league","@",
"224","riccardo ferraro","<b>108</b>","1/10",82,26,3,1966.71,,"@rf1893",
"200","Poyraz Saldir","<b>108</b>","1/10",81,27,3,1967.61,,"@",
"560","Birkan Dogan","<b>108</b>","3/10",88,20,9,1976.43,,"@",
"316","Mateusz Perek","<b>108</b>","4/10",93,15,8,1981.2,,"@MateuszPerek","Pomorzanin Nowogard"
"1025","Kumral Temel","<b>108</b>","1/10",79,29,5,1983.23,"Aksi bizi bozar..!","@pray_bjk","Brighton"
"286","Michal Czebreszuk","<b>108</b>","3/10",89,19,5,1985.2,,"@mczebreszuk","Lech Poznan"
"590","Thaïs Chételat","<b>108</b>","2/10",80,28,3,1987.51,,"@","Liverpool"
"479","Sidar Eryilmaz","<b>108</b>","2/10",90,18,10,1992.31,,"@",
"724","Sven Foobar","<b>108</b>","1/10",87,21,4,1994.75,,"@",
"839","Lipz Fisher","<b>108</b>","1/10",66,42,2,1994.98,,"@LipzBE_",
"665","Nicolas X","<b>108</b>","2/10",80,28,4,1995.2,"FC Potato","@",
"556","Laurenz S.","<b>108</b>","1/10",76,32,2,1996.53,"Less big Many small They all can become tall","@ybberneru97","BSC Young Boys"
"652","Lorenz Rentsch","<b>108</b>","2/10",79,29,5,1997.25,,"@",
"45","Fabian Roos","<b>108</b>","1/10",80,28,4,1997.38,"By Reason or by Force","@Dilamufc",
"202","Sergio Pastor","<b>108</b>","1/10",82,26,3,1997.43,,"@sergiopsvg","Freiburg"
"851","Karol Swidrak","<b>107</b>","2/10",93,14,6,1275.05,,"@KSwiderrr",
"628","Marc Walker","<b>107</b>","0/10",89,18,4,1894.91,,"@","Rangers"
"255","Gordon Allan","<b>107</b>","2/10",83,24,5,1904.51,"WATP","@GordonAlla9541","Rangers"
"299","Tony Buzka","<b>107</b>","2/10",65,42,5,1935.95,,"@",
"150","Sylvain Habegger","<b>107</b>","1/10",75,32,4,1945.43,,"@peau2chef","Neuchâtel Xamax"
"595","Strahinja Nikolic","<b>107</b>","2/10",83,24,5,1952.63,,"@","Crvena zvezda"
"947","Thibault Wuersch","<b>107</b>","1/10",73,34,2,1975.61,,"@RandomEpicName",
"730","Filip Marek","<b>107</b>","0/10",83,24,3,1996.32,"Win","@wellerman9","Leicester"
"965","Michael Nussbächer","<b>107</b>","0/10",76,31,0,1996.68,,"@Nussi7","Young Boys Bern"
"982","mehmet emin mutlu","<b>107</b>","3/10",81,26,9,1998.46,,"@m_eminmutlu","Trabzonspor"
"22","Kjell van Amersvoort","<b>107</b>","1/10",75,32,5,1998.68,,"@kjellvinklein","Vitesse"
"220","Jonathan Brandis","<b>107</b>","3/10",84,23,6,1999.13,,"@jnthn410","FC Bayern"
"729","Jean-Luc Berger","<b>107</b>","0/10",72,35,3,1999.61,,"@","Servette FC"
"283","Kacper Dominiec","<b>107</b>","1/10",85,22,4,1999.73,,"@",
"122","ellar crn","<b>106</b>","1/10",83,23,5,1894.78,,"@conceicao_idlib",
"16","Bobby M","<b>106</b>","1/10",76,30,3,1972.23,"No Surrender","@bobby_1872","Rangers"
"494","Nicolas Salathe","<b>106</b>","1/10",76,30,2,1984.8,,"@",
"408","Ufuk Can Meydan","<b>106</b>","1/10",82,24,4,1985.43,,"@ucmeydan","Besiktas"
"350","Mateusz Dunajski","<b>106</b>","1/10",89,17,7,1985.53,,"@m3quis","FC Barcelona"
"323","Jedrzej Wozniczko","<b>106</b>","2/10",86,20,6,1986.33,,"@","CFC"
"930","Dario Fiorentino","<b>106</b>","2/10",80,26,3,1986.89,,"@",
"991","Igor Yanev","<b>106</b>","2/10",85,21,3,1987.66,,"@",
"241","Richard Wilson","<b>106</b>","1/10",81,25,4,1989.21,,"@hyfprw",
"83","Marcio Pinto","<b>106</b>","1/10",83,23,3,1989.44,,"@el_tuga1","SL Benfica and Servette"
"386","Dro Ne","<b>106</b>","1/10",66,40,2,1989.83,,"@",
"895","Wojciech P","<b>106</b>","2/10",79,27,5,1994.2,,"@","FK Trinec"
"115","Miguel Rodrigues","<b>106</b>","1/10",85,21,5,1996.51,,"@","Benfica"
"75","Mads Emil Abrahamson","<b>106</b>","0/10",80,26,1,1998.64,"Go big or go home","@_MadsEmil","AC Milan"
"777","Mathieu Reichert","<b>105</b>","1/10",82,23,4,1812.2,,"@",
"357","Carlos Kewell","<b>105</b>","2/10",86,19,7,1877.38,,"@kewell1988","Manchester United"
"600","Mads Leirvik","<b>105</b>","1/10",75,30,3,1963.78,,"@leirviking","Viking FK"
"68","Ross White","<b>105</b>","2/10",84,21,4,1974.93,,"@baldycantwell","Rangers"
"870","Oliver Glättli","<b>105</b>","1/10",84,21,7,1982.59,,"@",
"716","Simon Hofstetter","<b>105</b>","0/10",72,33,2,1989.11,,"@","FC Basel"
"521","Donat Roduner","<b>105</b>","1/10",75,30,4,1989.61,,"@",
"9","Andri Parravicin","<b>105</b>","1/10",77,28,5,1994.32,,"@_droide_",
"632","Alain Légeret","<b>105</b>","2/10",78,27,5,1994.87,,"@","Bayenr München"
"211","Jake Oosterwijk","<b>105</b>","0/10",83,22,1,1997.3,"WZAWZDB","@aardappelschil_","Ajax"
"645","Abbie Young","<b>105</b>","1/10",75,30,1,1997.38,,"@",
"572","Dominik Thurnherr","<b>105</b>","0/10",70,35,0,1998.31,,"@",
"396","Kuba Bogusz","<b>105</b>","2/10",80,25,6,1999.15,"idk","@kjuba165","Manchester United"
"114","Y B","<b>104</b>","0/10",77,27,0,1817.17,,"@",
"522","Anna Konovalova","<b>104</b>","2/10",66,38,4,1824.12,,"@iamanch",
"247","Sim Janssen","<b>104</b>","3/10",79,25,5,1828.28,"Money","@SimAFCA","Servette FC"
"1080","Demian Gugger","<b>104</b>","1/10",79,25,5,1853.91,"No time left just random selection","@demiyoooo","YB"
"46","Özgür Ar","<b>104</b>","1/10",84,20,5,1908.61,"Indomptables","@","Galatasaray"
"742","Moritz Loosli","<b>104</b>","0/10",74,30,0,1933.68,,"@LoosliMoritz","Bscyb"
"653","Patrick Thomson","<b>104</b>","1/10",84,20,2,1939.17,,"@","Celtic"
"462","James McKenna","<b>104</b>","1/10",86,18,6,1956.69,"Roma wasn’t built in a day- Irish Mick","@jamesmckennaCFC","Celtic FC"
"72","Eddie Gibson","<b>104</b>","2/10",75,29,6,1964.98,,"@","Rangers"
"985","Angelo Marras","<b>104</b>","1/10",81,23,4,1968.33,,"@","FC Basel"
"563","Truls Rostrup","<b>104</b>","1/10",76,28,3,1984.1,"Strike from below.","@totalmannen",
"860","Arkadiusz Olszewski","<b>104</b>","0/10",78,26,2,1984.63,,"@Olshu23",
"504","Walthiero Van der Kamp","<b>104</b>","2/10",75,29,6,1984.77,,"@walthiero","Young Boys"
"794","Emir Ildiz","<b>104</b>","1/10",79,25,7,1990.61,"La Vittoria Sara Nostra","@bittyband","Besiktas"
"340","Krzysztof Silka","<b>104</b>","1/10",67,37,2,1990.61,,"@SiKrzysztof","Wisla Kraków"
"31","CLIVE TYRER","<b>104</b>","0/10",75,29,1,1990.62,"Fatbear's Sporting Diaries","@Fatbear'sDiaries","Brighton and Hove Albion"
"23","Julio Ibáñez Soriano","<b>104</b>","1/10",82,22,5,1991.6,"juiso12","@","Valencia CF"
"931","Taner Ocak","<b>104</b>","1/10",79,25,5,1994.84,,"@taner35NL","Galatasaray"
"218","Stephen Morrison","<b>104</b>","2/10",83,21,6,1995.88,"Deep fried pizza","@stemorry",
"929","Damien Clerc","<b>104</b>","2/10",80,24,5,1996.39,,"@",
"48","Lewis Carroll","<b>104</b>","0/10",73,31,1,1996.45,,"@",
"266","Hüseyin Yücel","<b>104</b>","1/10",83,21,9,1997.58,"The one with Icardi on their team WINS","@hellobadi","Galatasaray"
"673","Ersel Evyapan","<b>104</b>","0/10",82,22,3,1997.72,,"@Icarruss",
"99","Cüneyt Aytaç","<b>104</b>","1/10",82,22,5,1999.21,"Fenerbahçe is life","@cuneytaytac","Fenerbahçe"
"577","saban gençtürk","<b>104</b>","1/10",67,37,5,1999.52,,"@",
"740","Martin Zeller","<b>104</b>","2/10",83,21,6,1999.81,"Yellow-black are my colours!","@tinuzeller","BSC Young Boys"
"490","Math Dem","<b>104</b>","3/10",85,19,7,1999.96,,"@",
"344","Pawel Olejnik","<b>103</b>","1/10",78,25,3,798.16,,"@073jn1k",
"80","Nemanja Nemo Antonijevic","<b>103</b>","0/10",71,32,0,1386.09,"CL is overrated","@NemoAntonijevic","Dortmund"
"1021","Sean Graham","<b>103</b>","1/10",78,25,1,1621.64,,"@","Glasgow rangers"
"546","Thomas Quhelnik","<b>103</b>","1/10",75,28,2,1690.18,,"@","Sturm Graz"
"142","Graham Telfer","<b>103</b>","2/10",84,19,4,1889.11,"Rangers Thursday’s","@telfer9","Rangers"
"746","Alex Reichart","<b>103</b>","2/10",74,29,6,1946.47,"some dream about profitable football clubs – we make them!","@larouxlex","Servette FC"
"474","David Parkes","<b>103</b>","2/10",74,29,4,1965.51,,"@dpnina10","Fiorentina/Anderlecht"
"782","Aksel Yucel","<b>103</b>","1/10",85,18,4,1967.91,,"@akselyucel","Fenerbahçe"
"231","Cornelius van Gimst","<b>103</b>","0/10",72,31,2,1977.74,"UECL rules","@corneel_van","KAA Gent"
"215","mark mckay","<b>103</b>","2/10",79,24,4,1978.93,,"@niconicoraskin","rangers"
"852","Jakub Chybiak","<b>103</b>","1/10",82,21,3,1983.05,,"@","Legia"
"1007","Emmy Noether","<b>103</b>","1/10",72,31,4,1983.33,"YNWA","@","BSC Young Boys"
"59","Andrew Willimott","<b>103</b>","0/10",72,31,2,1983.54,,"@",
"1054","Renato Fuchs","<b>103</b>","2/10",79,24,5,1985.81,,"@refox_26","Fc Basel"
"603","Ryan Lennie","<b>103</b>","2/10",82,21,6,1986.24,,"@","Hibernian"
"13","Freddy Harper-Davis","<b>103</b>","3/10",80,23,7,1990.08,,"@",
"37","Adrien Flühmann","<b>103</b>","2/10",82,21,5,1991.35,,"@","Fc Sion"
"53","Benjamin Signer","<b>103</b>","1/10",86,17,3,1994.79,,"@","Arsenal"
"559","Nicolas Ganter","<b>103</b>","1/10",86,17,4,1995.27,"Who needs a striker anyway?","@gaenti","FC Zürich"
"245","Philipp Rüfenacht","<b>103</b>","2/10",78,25,4,1998.31,,"@",
"605","Stefan Widmer","<b>103</b>","1/10",74,29,3,1998.37,,"@herrshearer","BSC YB, NUFC"
"63","Ruben Soetewey","<b>103</b>","0/10",67,36,0,1998.53,,"@Nebur340","RC Lens"
"164","duke raoul","<b>103</b>","1/10",75,28,4,1998.56,"why not","@duke420","LFC"
"391","Bezimel Thehoneypot","<b>102</b>","0/10",78,24,0,1163.98,,"@Bezimiel",
"569","saymar marr","<b>102</b>","2/10",74,28,3,1762.61,,"@JustRandomAck","Breidablik"
"833","Pawel Opillo","<b>102</b>","1/10",80,22,5,1939.89,,"@","Legia Warszawa"
"156","Stefan Trottmann","<b>102</b>","1/10",76,26,3,1953.29,,"@StefT96","FC Zürich"
"70","Amad Rished","<b>102</b>","3/10",83,19,6,1966.18,,"@",
"973","As Marca","<b>102</b>","1/10",84,18,6,1976.39,"Football genius","@asmarcatr","Fenerbahçe"
"285","Robert Konopka","<b>102</b>","1/10",74,28,2,1993.88,,"@RobbieCris88208",
"1052","Jai Taylor","<b>102</b>","0/10",78,24,2,1996.93,"We are the people","@Jai69508496","Rangers"
"193","Tomáš Milito","<b>102</b>","1/10",78,24,4,1997.77,,"@",
"76","Declan Campbell","<b>102</b>","2/10",73,29,3,1998.14,,"@",
"42","Timothy Widmer","<b>102</b>","0/10",86,16,3,1999.39,,"@",
"228","Jack Henley","<b>102</b>","2/10",76,26,6,1999.43,"Underdogs always winners","@Red_Devil_Of_MU","Manchester united and ServetteFC"
"1081","Adrien Personne","<b>102</b>","1/10",67,35,2,1999.88,"SchnappiChenapan",,"1. FC Köln"
"708","Benjamin L","<b>101</b>","2/10",86,15,6,1195.81,,"@BenNepLep",
"607","Mattia Monteforte","<b>101</b>","1/10",78,23,3,1801.68,,"@",
"841","Tomasz Chojnowski","<b>101</b>","1/10",76,25,5,1891.53,,"@",
"564","Christian Rüfenacht","<b>101</b>","0/10",62,39,0,1934.69,,"@","BSC YB"
"500","Adil Demir","<b>101</b>","1/10",61,40,3,1966.23,"KEEP FIGHTING","@FANGSLI1905","GALATASARAY"
"393","Artur Gorczyca","<b>101</b>","1/10",81,20,5,1967.93,,"@artur_gorczyca","Newcastle United"
"804","Simon Tanner","<b>101</b>","1/10",75,26,2,1974.37,,"@sapins_moeff",
"933","Alex Baynham","<b>101</b>","0/10",62,39,0,1980.83,,"@AlexBaynham","Norwich City"
"783","Stanko Batinic","<b>101</b>","1/10",78,23,3,1984.48,,"@Ricica","Dinamo Zagreb"
"229","Stuart Dalgleish","<b>101</b>","1/10",79,22,1,1984.61,"Ready","@","Rangers"
"660","Fraser McDougall","<b>101</b>","0/10",79,22,3,1984.97,"Humza Yousaf Loyal RSC","@MFearghal","Rangers"
"269","Luc Burger","<b>101</b>","2/10",70,31,3,1986.94,,"@",
"282","muhammet sait ozkan","<b>101</b>","1/10",79,22,5,1996.62,"msaitozkan","@msaitozkan","liverpool"
"775","Julien Blezis","<b>101</b>","1/10",78,23,2,1997,,"Ibedridus - Julien Blezis","SERVETTE FC"
"405","Lars Grasmück","<b>101</b>","1/10",74,27,2,1997.97,,"@","Eintracht Frankfurt"
"100","Stefan Poot","<b>101</b>","1/10",75,26,5,1999.1,,"@CHfootballscout","Liverpool"
"182","Kai von Fintel","<b>101</b>","1/10",77,24,4,1999.3,,"@NFL_Sentiments","Sporting KC"
"96","Lucas Araujo","<b>101</b>","1/10",71,30,4,1999.79,,"@lukinho_17",
"574","Yannick Martin","<b>100</b>","1/10",85,15,7,1253.88,,"@",
"711","David Brunner","<b>100</b>","0/10",61,39,0,1624.27,,"@",
"263","Martin Catillaz","<b>100</b>","2/10",75,25,6,1808.37,"Fokus","@mcaedi","Young Boys Bern"
"66","Anders Noer","<b>100</b>","0/10",70,30,4,1818.53,"The future is not what it used to be","@BemBuford11","Leeds"
"167","Adam Sankowski","<b>100</b>","2/10",71,29,6,1853.29,"Take what you can, give nothing back.","@adsun22","BSC Young Boys"
"795","Leo M","<b>100</b>","1/10",78,22,3,1856.59,,"@",
"127","Gürkan Gürkan","<b>100</b>","1/10",84,16,3,1953.38,,"@kardiospermum",
"450","David Schalk","<b>100</b>","1/10",73,27,2,1961.93,,"@",
"378","Marcin Mani","<b>100</b>","2/10",74,26,6,1969.73,,"@mani10pl",
"121","Bogdan Simic","<b>100</b>","1/10",76,24,3,1974.32,,"@","Crvena Zvezda"
"906","Lukasz Bozykowski","<b>100</b>","0/10",64,36,0,1977.71,,"@LukaszBoz","Pogon Szczecin"
"151","Aloïs Cocchetti","<b>100</b>","1/10",79,21,4,1979.04,,"@_alc37","Servette fc"
"969","utkan aydin","<b>100</b>","1/10",74,26,3,1983.6,"zuuuaaaa","@oukkana","besiktas"
"948","Ilker Ugur","<b>100</b>","1/10",77,23,3,1983.96,,"@",
"553","Christof Flück","<b>100</b>","2/10",74,26,6,1989.04,"Round thing in the not round thing","@fluegu_","BSC Young Boys"
"507","Lilin Zhang","<b>100</b>","0/10",81,19,3,1990.33,,"@liltraveling",
"1011","Nixon Pike","<b>100</b>","2/10",73,27,4,1996.17,"Why lose when you can win?","@JoaoAreYouDoing","Man City + Servette FC"
"98","Daniel sali zämme","<b>100</b>","2/10",68,32,4,1996.58,"Kot und Ehre! Freiheit für alle in Tschechien Inhaftierten!","@salizaemme","FC Basel hiE"
"407","Rochus Zopp","<b>100</b>","1/10",69,31,1,1997.36,,"@DaRocco",
"326","Noah Wheatley","<b>100</b>","1/10",83,17,4,1998.27,,"@djboah14","Notts County"
"502","Sebastian Andersson","<b>100</b>","1/10",72,28,5,1999.34,"Hoping for a miracle!","@sebbenandersson",
"827","Mieszko Pugowski","<b>99</b>","1/10",68,31,2,1212.31,"One more game and I close the FM","@AustriackaPilka",
"455","Matthias Linder","<b>99</b>","2/10",80,19,6,1256.48,,,"FC Zürich"
"458","Lucas Desseigne","<b>99</b>","1/10",73,26,2,1838.98,,"@","Servette"
"18","Chris Wachtler","<b>99</b>","1/10",74,25,7,1958.12,,"@chris_wachtler","KI Klaksvik"
"623","Thomas Deuringer","<b>99</b>","1/10",61,38,3,1990.95,"nid für de Lohn, fürd Region","@","FC Basel"
"482","Elias Zimmermann","<b>99</b>","2/10",83,16,8,1994.8,,"@",
"784","Elsad Muradov","<b>99</b>","0/10",78,21,3,1998.7,":3","@cryIex","Qarabag"
"772","Daniel Finn","<b>99</b>","1/10",80,19,2,1998.9,,"@","Brighton and Hove Albion"
"531","Melvin Trösch","<b>99</b>","0/10",74,25,1,1999.48,"Buy the best!","@MelvinTrosch","FC Basel 1893"
"974","Melih Çinar","<b>98</b>","1/10",76,22,4,1660.89,,"@",
"734","Johannes Kapeller","<b>98</b>","1/10",81,17,6,1904.53,"Wer zusammenhält, gewinnt!","@","SK Rapid Wien"
"341","Patryk Pieta","<b>98</b>","1/10",78,20,5,1953.68,,"@",
"203","Søren Kjær Nielsen","<b>98</b>","1/10",74,24,3,1979.45,,"@sorenkjar","Tottenham"
"440","Michal Gdowicz","<b>98</b>","1/10",77,21,5,1983.96,"Money doesn't score goals","@michalgdowicz",
"315","Bartlomiej Chyla","<b>98</b>","0/10",72,26,2,1984.55,,"@Bartoloch",
"38","Simon R","<b>98</b>","0/10",70,28,2,1986.96,,"@",
"1009","Benedikt Gottstein","<b>98</b>","1/10",77,21,2,1991.11,,"@benigodstone",
"235","Lionel Messi","<b>98</b>","2/10",78,20,5,1996.38,,"@","Astana"
"544","Danu J","<b>98</b>","1/10",63,35,2,1999.33,,"@danuel1980",
"427","Gavin King","<b>97</b>","1/10",80,17,3,1135.51,,"@gavdarv","Rangers"
"1172","Grzegorz Legutko","<b>97</b>","1/10",81,16,3,1742.1,,"@rastel01","Barcelona"
"279","Bugra Mercan","<b>97</b>","1/10",75,22,3,1917.53,,"@bugramercan","Besiktas"
"27","Pol Qat","<b>97</b>","1/10",62,35,3,1973.25,"Football is Freedom","@polqat","Servette FC"
"39","Maxime Dubi","<b>97</b>","0/10",66,31,2,1980.59,,"@M0_Crocodile",
"1056","Claude Peze","<b>97</b>","1/10",77,20,3,1981.7,,"@claudpeze",
"817","Tristan Moggi","<b>97</b>","2/10",80,17,4,1983.45,"Dark horse","@","AZ Alkmaar"
"832","Çaglar Alaca","<b>97</b>","1/10",80,17,3,1993.94,"imagine wasting real 2b on football clubs...","@caglaralaca","Sariyer"
"376","Maria Ts","<b>97</b>","0/10",62,35,1,1999.42,"bravery and stupidity","@bestie_mensch","FC Basel"
"778","Oguzhan Arslan","<b>96</b>","0/10",51,45,0,1145.79,,"@",
"597","Sarujan Maheswaran","<b>96</b>","1/10",73,23,3,1935.15,,"@",
"324","Radoslaw Stachnik","<b>96</b>","1/10",72,24,5,1950.18,,"@","Brighton & Hove Albion"
"579","Pascal Moghe","<b>96</b>","2/10",71,25,3,1977.41,"go for GOLD","@bullbear83","FCSG1879"
"674","ali kaymakci","<b>96</b>","1/10",79,17,5,1986.13,,"@",
"753","Elif Suzan","<b>96</b>","0/10",74,22,3,1991.65,,"@",
"457","Bas Vos","<b>96</b>","1/10",62,34,3,1994.81,"No words but deeds","@Bas1411","Feyenoord"
"368","Pawla Pawka","<b>96</b>","1/10",77,19,3,1998.5,"Halalala",,"Zaglebie Lubin"
"1027","Antoine Linard","<b>96</b>","0/10",61,35,0,1998.82,,"@antlinard",
"105","Gabriel Castillo","<b>96</b>","2/10",74,22,6,1999.05,,"@","Servette fc"
"516","Michael Timmers","<b>96</b>","1/10",79,17,3,1999.5,,"@",
"638","Aiden Urquhart","<b>95</b>","2/10",68,27,5,1681.82,,"@",
"952","Ludovic Medwed","<b>95</b>","0/10",69,26,0,1710.03,,"@ludomwd","Servette FC"
"141","Matthias Kohler","<b>95</b>","0/10",62,33,2,1880.7,,"@",
"54","Osman Karalar","<b>95</b>","0/10",70,25,2,1913.31,"Trust the Turkish clubs!","@KaralarOsman1",
"20","Nikola Krsmanic","<b>95</b>","1/10",66,29,2,1960.68,,"@","Crvena zvezda"
"857","Tobias Holik","<b>95</b>","1/10",62,33,2,1977.99,,"@",
"389","Przemyslaw Pek","<b>95</b>","0/10",61,34,1,1991.19,,"@",
"205","Faruk Mutlu","<b>95</b>","1/10",80,15,5,1999.93,"FM","@farukmutlu0","Galatasaray"
"463","Dino Rubcic","<b>94</b>","1/10",71,23,3,1825.34,,"@Dino_2908","NK Rijeka"
"102","Erling Flovsky","<b>94</b>","0/10",66,28,2,1908.86,"Ensemble rien est impossible","@Nono_EAG","Glasgow Rangers"
"58","Aaron Wark","<b>94</b>","0/10",62,32,0,1958.83,,"@warkymuse","rangers"
"168","Plouky Roi du ciel","<b>94</b>","2/10",69,25,3,1990,,"@","Monaco"
"94","Adam Hasenfratz","<b>94</b>","0/10",61,33,1,1997.85,,"@",
"448","Adrian Boruch","<b>93</b>","1/10",67,26,2,1809.57,"Nawet jesli przegrywasz, musisz walczyc","@adiczko","Real Madrid"
"949","Bilal Yildiz","<b>93</b>","1/10",66,27,2,1895.11,,"@",
"703","Pascal Steiger","<b>93</b>","2/10",64,29,6,1958.74,,"@",
"65","Max Camilleri","<b>93</b>","0/10",68,25,2,1964.81,"YASA Fenerbahçe","@MaxTheLantern","Fenerbahçe"
"602","Eldar Eldar","<b>93</b>","1/10",76,17,3,1985.86,,"@","Dortmund"
"239","R Z","<b>93</b>","1/10",67,26,3,1997.41,,"@",
"818","Chris L","<b>92</b>","0/10",66,26,2,1398.45,"It is what it is","@JetsTHFCCeltics","Tottenham"
"902","Ako Proto","<b>92</b>","1/10",69,23,5,1882.54,,"@AkoProtoo","Racing Genk"
"184","Bartosch Raphael","<b>92</b>","0/10",64,28,1,1971.34,"Fight and win","@Bande55_","Fc Basel 1893"
"825","Bruno Salamon","<b>92</b>","0/10",74,18,4,1979.11,,"@LivajinPP","GNK Dinamo Zagreb"
"320","Niko Laic","<b>92</b>","0/10",70,22,2,1989.88,,"@",
"430","Benjamin Weber","<b>92</b>","1/10",61,31,2,1991.93,"Buy expensive, sell cheap","@benni_weber_s04","Schalke 04"
"176","Jonas Bracher","<b>92</b>","0/10",63,29,2,1995.6,,"@brachjon",
"443","Thano Moorthy","<b>92</b>","1/10",62,30,3,1996.96,"11 players 1 heart","@","Servette"
"542","Ivan Zoni","<b>92</b>","1/10",63,29,2,1998,,"@","Servette"
"598","Jacob Humphreys","<b>91</b>","1/10",74,17,4,1416.68,,"@ilikeblobfish1","Ipswich Town"
"566","Harry Schlender","<b>91</b>","0/10",75,16,4,1719.25,,"@harry_schlender","BSC Young Boys"
"300","Tomasz Kwiatkowski","<b>91</b>","0/10",70,21,3,1988.26,,"@tkwiatkowski","Liverpool FC"
"705","Sven Doc","<b>91</b>","0/10",71,20,1,1995.73,,"@","FC BASEL"
"893","Harud Harthmuth","<b>91</b>","0/10",60,31,0,1996.34,,"@",
"101","Rune De Rore","<b>91</b>","1/10",67,24,5,1996.34,,"@",
"111","Flac Murray","<b>91</b>","0/10",64,27,3,1999.45,,"@","FC Basel 1893"
"169","Garry Moore","<b>90</b>","1/10",71,19,1,1948.68,,"@","Rangers"
"709","Mads Birkeland","<b>90</b>","2/10",70,20,3,1979.15,"LessIsMore","maaxbirk","Fc Basel"
"750","Nathan Hofmann","<b>90</b>","0/10",74,16,1,1993.6,,"@","Servette fc"
"382","Yunus Emre Bagiban","<b>90</b>","0/10",63,27,2,1993.94,"Rags to Riches","@yunusemrebgbn","Galatasaray"
"185","Thom Kiener","<b>90</b>","0/10",58,32,0,1995.85,,"@","BSC YB"
"249","Lukas Schmid","<b>90</b>","1/10",66,24,1,1996.82,,"@",
"264","mi tsch","<b>90</b>","0/10",66,24,1,1996.82,,"@",
"934","Robospov Osphram","<b>89</b>","1/10",70,19,3,733.08,,"@",
"243","Tyler Kerr","<b>89</b>","1/10",67,22,3,1525.04,"Die to get three points","@Tyler_GF4","Rangers"
"802","Daniel Strahinov","<b>89</b>","0/10",66,23,1,1938.89,,"@","Levski Sofia"
"532","Pawel Muszynski","<b>89</b>","1/10",65,24,3,1981.23,,"@",
"721","Maxence Dini","<b>89</b>","0/10",61,28,2,1995.83,,"@",
"181","Bastien Mangeat","<b>89</b>","0/10",60,29,0,1998.44,,"@bmangeat","Servette"
"470","Alvin Koualef","<b>87</b>","2/10",69,18,6,1964.52,"Kevin Durant Durant","@",
"4","pawikb b","<b>87</b>","1/10",64,23,4,1999.26,,,"Raków Czestochowa"
"1071","Hector Paz","<b>86</b>","1/10",63,23,3,1995.92,"please don't lose","@manunitedperu","Manchester United"
"277","Kubas Kuba","<b>86</b>","0/10",55,31,1,1998.91,,"@",
"651","rene kainz","<b>85</b>","0/10",52,33,0,1901.25,,"@",
"57","Blaise Grüner","<b>84</b>","1/10",64,20,3,1742.52,"COYW","@","Fulham FC"
"346","Grzegorz Glinka","<b>82</b>","0/10",61,21,2,1997.58,,"@GregorrOfficial","Legia Warsaw"
"237","Leonardo Hernández","<b>81</b>","1/10",63,18,3,1694.88,,"@","AC Milan"
"552","Ursula Wyss","<b>81</b>","1/10",53,28,3,1999.52,"Forever hopeful","@","Young Boys"
"526","Lucien Roger","<b>80</b>","0/10",55,25,0,988.12,,"@",
"144","Chris Raza","<b>80</b>","0/10",53,27,1,1830.3,,"@",
"614","Fili .","<b>80</b>","0/10",55,25,0,1961.67,,"@",
"180","Alexandre Roulet","<b>80</b>","0/10",58,22,2,1997.43,"YOLO","@alexandrealro","Fc basel"
"538","Adam KRACÍK","<b>79</b>","1/10",60,19,1,1997.03,"I will look at the results!","@",
"700","Simon Stierli","<b>78</b>","1/10",54,24,3,1998.92,,"@",
"217","Berner Original","<b>74</b>","0/10",61,13,0,1287.58,,"@",
"712","Gabriel Batistuta","<b>73</b>","0/10",54,19,1,1656.82,,"@",
"12","Timeo Wulle","<b>73</b>","1/10",54,19,3,1961.38,"In EL, CL, ECL everything is possible","@timtim1818","BSC YB"
"897","Dominik Tyszka","<b>73</b>","1/10",52,21,4,1991.75,,"@",
"840","Pavle Radojkovic","<b>72</b>","1/10",51,21,5,1858.18,"If u not first well u last","@paya_r13","Red Star"
"1039","Target: LAST","<b>70</b>","1/10",44,26,3,1810.48,"First from the bottom!","@Nomolso_N_Djer","Z Basel, z Basel, z Basel a mym rhyy"
"941","Michal Marton","<b>65</b>","1/10",44,21,2,1922.72,,"@martonesign",
"312","Adam Stasiowski","<b>65</b>","0/10",46,19,1,1996.97,,"@",
"29","Ninja Miky","<b>64</b>","1/10",44,20,3,1206.6,"Buy Smaller Clubs and make them successfull","@ninjamiky","BSC Young Boys"
"49","David Medroa","<b>64</b>","1/10",46,18,3,1998.65,,"@",
"883","Joel Hägele","<b>63</b>","1/10",42,21,3,1865.7,,"@","Barcelona"
"561","hayri ülgen","<b>56</b>","0/10",43,13,1,1324.6,,"@",
"2","William Hubbard","<b>55</b>","0/10",42,13,0,1096.26,,"@",
"467","Alfred Brügger","<b>33</b>","0/10",30,3,0,88.38,,"@",
"937","Hans Onfall","<b>33</b>","0/10",30,3,0,88.38,,"@",
"550","Robin Mamié","<b>33</b>","0/10",30,3,0,88.38,"Money is a social construct.","@robin_mamie",
