"team","country","overall_points_team","overall_points_country","percentage","flag","text","stadium","latitude","longitude"
"1.FC Köln","Germany",0.875,81.732,1.1,":de:","Germany: 81.732 points","RheinEnergie Stadion",50.933611,6.875
"1.FC Slovácko","Czech Republic",1.825,29.05,6.3,":cz:","Czech Republic: 29.05 points","Mestský fotbalový stadion Miroslava Valenty",49.065556,17.471461
"1899 Hoffenheim","Germany",2.714,81.732,3.3,":de:","Germany: 81.732 points","Prezero-Arena",49.239,8.888278
"AA Gent","Belgium",8.9,41.4,21.5,":be:","Belgium: 41.4 points","Jules Ottenstadion",51.031389,3.766111
"Aberdeen","Scotland",2.475,36.4,6.8,":gb-sct:","Scotland: 36.4 points","Pittodrie Stadium",57.159166666,-2.088888888
"AC Milan","Italy",7.143,77.214,9.3,":it:","Italy: 77.214 points","Stadio Giuseppe Meazza",45.478055,9.123947
"Admira Wacker","Austria",0,34,0,":at:","Austria: 34 points","BSFZ-Arena",48.0976,16.3109
"AEK Athens","Greece",3.15,25.225,12.5,":gr:","Greece: 25.225 points","Olympic Stadium of Athens",38.036111111,23.7875
"AEK Larnaca","Cyprus",5.675,24.475,23.2,":cy:","Cyprus: 24.475 points","AEK Arena - Georgios Karapatakis",34.9263,33.597747222
"AEL Limassol","Cyprus",0.75,24.475,3.1,":cy:","Cyprus: 24.475 points","Tsirio Stadium",34.700914,33.022975
"AGF Aarhus","Denmark",0.6,27.825,2.2,":dk:","Denmark: 27.825 points","Vejlby/Risskov Centret",56.1909,10.2093
"AIK Stockholm","Sweden",1.75,23.75,7.4,":se:","Sweden: 23.75 points","Friends Arena",59.3725,18
"Ajax","Netherlands",19.6,58.9,33.3,":nl:","Netherlands: 58.9 points","Johan Cruyff Arena",52.314166666,4.941944444
"Akademija Pandev","North Macedonia",0,5.5,0,":mk:","North Macedonia: 5.5 points","Stadion Mladost",41.4462,22.637708
"Akhisarspor","Turkey",0.2,32.1,0.6,":tr:","Turkey: 32.1 points","Akhisar Stadium",38.9209,27.8118
"Alanyaspor","Turkey",0.1,32.1,0.3,":tr:","Turkey: 32.1 points","Alanya Oba Stadium",36.5626,32.0791
"Alashkert FC","Armenia",2.625,9.875,26.6,":am:","Armenia: 9.875 points","Alashkert Stadium",40.154605,44.475231
"Anderlecht","Belgium",4.1,41.4,9.9,":be:","Belgium: 41.4 points","Lotto Park",50.834167,4.298333
"Anorthosis Famagusta","Cyprus",2.25,24.475,9.2,":cy:","Cyprus: 24.475 points","Antonis Papadopoulos Stadium",34.937422,33.620922
"APOEL Nicosia","Cyprus",5.675,24.475,23.2,":cy:","Cyprus: 24.475 points","GSP Stadium",35.114542,33.362864
"Apollon Limassol","Cyprus",6.15,24.475,25.1,":cy:","Cyprus: 24.475 points","Tsirio Stadium",34.700914,33.022975
"Ararat-Armenia","Armenia",2.5,9.875,25.3,":am:","Armenia: 9.875 points","Republican Stadium",40.171944,44.525833
"Ararat Yerevan","Armenia",0.625,9.875,6.3,":am:","Armenia: 9.875 points","Republican Stadium",40.171944,44.525833
"Arda Kardzhali","Bulgaria",0,20,0,":bg:","Bulgaria: 20 points","Arda Arena",41.6411856,25.3758564
"Aris Limassol","Cyprus",0.2,24.475,0.8,":cy:","Cyprus: 24.475 points","Tsirio Stadium",34.700914,33.022975
"Aris Thessaloniki","Greece",1.6,25.225,6.3,":gr:","Greece: 25.225 points","Kleanthis Vikelidis Stadium",40.600069,22.9695
"Arsenal","England",10.857,106.429,10.2,":gb-eng:","England: 106.429 points","Emirates Stadium",51.554867,-0.109112
"Arsenal Tula","Russia",0,26.216,0,":ru:","Russia: 26.216 points","Arsenal Stadium",54.174167,37.603056
"AS Monaco","France",5.667,61,9.3,":fr:","France: 61 points","Stade Louis II",43.727778,7.415556
"AS Roma","Italy",13.286,77.214,17.2,":it:","Italy: 77.214 points","Stadio Olimpico",41.933872,12.454714
"AS Saint-Étienne","France",0.667,61,1.1,":fr:","France: 61 points","Stade Geoffroy-Guichard",45.460833,4.39
"AS Trencín","Slovakia",1.375,19.75,7,":sk:","Slovakia: 19.75 points","Štadión na Sihoti",48.89861111,18.04472222
"Asteras Tripolis","Greece",0.1,25.225,0.4,":gr:","Greece: 25.225 points","Theodoros Kolokotronis Stadium",37.502676,22.388678
"Atalanta","Italy",8.786,77.214,11.4,":it:","Italy: 77.214 points","Stadio Atleti Azzurri d'Italia",45.708889,9.680833
"Atlètic Club d'Escaldes","Andorra",0.167,5.167,3.2,":ad:","Andorra: 5.167 points","Estadi Comunal d'Aixovall",42.476389,1.487667
"Atlético Madrid","Spain",12.143,90.857,13.4,":es:","Spain: 90.857 points","Estadio Metropolitano",40.436111,-3.599444
"Atromitos FC","Greece",0.6,25.225,2.4,":gr:","Greece: 25.225 points","Peristeri Stadium",38.004858,23.689756
"Austria Wien","Austria",0.5,34,1.5,":at:","Austria: 34 points","Generali Arena",48.162306,16.386694
"AZ Alkmaar","Netherlands",11.3,58.9,19.2,":nl:","Netherlands: 58.9 points","AFAS Stadion",52.6125,4.741667
"B36 Torshavn","Faroe Islands",2.375,8.75,27.1,":fo:","Faroe Islands: 8.75 points","Gundadalur",62.0193487,-6.7811394
"Bala Town","Wales",1.083,6.167,17.6,":gb-wls:","Wales: 6.167 points","Maes Tegid",52.912222,-3.601389
"Ballymena United","Northern Ireland",0.375,8.583,4.4,":gb-nir:","Northern Ireland: 8.583 points","Ballymena Showgrounds",54.869142,-6.262867
"Balzan FC","Malta",0.5,8.25,6.1,":mt:","Malta: 8.25 points","Ta' Qali National Stadium",35.894863888,14.415372222
"Banants Yerevan","Armenia",0,9.875,0,":am:","Armenia: 9.875 points","Urartu Stadium",40.171426,44.449938
"Barry Town","Wales",0.25,6.167,4.1,":gb-wls:","Wales: 6.167 points","Jenner Park Stadium",51.410833,-3.265278
"BATE Borisov","Belarus",4.375,9.875,44.3,":by:","Belarus: 9.875 points","Borisov Arena",54.192777777,28.475694444
"Bayer Leverkusen","Germany",9.571,81.732,11.7,":de:","Germany: 81.732 points","BayArena",51.038255555,7.002205555
"Bayern München","Germany",18.821,81.732,23,":de:","Germany: 81.732 points","Allianz Arena",48.218775,11.624752777
"Beitar Jerusalem","Israel",0.25,25,1,":il:","Israel: 25 points","Teddy Stadium",31.751166666,35.190616666
"Benfica","Portugal",16.683,55.883,29.9,":pt:","Portugal: 55.883 points","Estádio da Luz",38.752677777,-9.184680555
"Besiktas","Turkey",3.4,32.1,10.6,":tr:","Turkey: 32.1 points","Vodafone Park",41.039166666,28.994166666
"Birkirkara","Malta",0.75,8.25,9.1,":mt:","Malta: 8.25 points","Ta' Qali National Stadium",35.894863888,14.415372222
"BK Häcken","Sweden",0.75,23.75,3.2,":se:","Sweden: 23.75 points","Rambergsvallen",57.718888888,11.930833333
"Bnei Yehuda","Israel",0.375,25,1.5,":il:","Israel: 25 points","Bloomfield Stadium",32.05173,34.76148
"Bodø/Glimt","Norway",8.875,29,30.6,":no:","Norway: 29 points","Aspmyra Stadion",67.2775,14.384166666
"Bohemians Dublin","Ireland",1.375,10.375,13.3,":ie:","Ireland: 10.375 points","Dalymount Park",53.361667,-6.275
"Borussia Dortmund","Germany",12.107,81.732,14.8,":de:","Germany: 81.732 points","Westfalenstadion",51.4925,7.451667
"Borussia Mönchengladbach","Germany",3,81.732,3.7,":de:","Germany: 81.732 points","Borussia-Park",51.174583333,6.385463888
"Botev Plovdiv","Bulgaria",0.125,20,0.6,":bg:","Bulgaria: 20 points","Hristo Botev Stadium",42.139861,24.764444
"Breidablik","Iceland",2.125,7.25,29.3,":is:","Iceland: 7.25 points","Kópavogsvöllur",64.104167,-21.896667
"Brøndby IF","Denmark",1.9,27.825,6.8,":dk:","Denmark: 27.825 points","Brøndby Stadium",55.648853,12.418358
"Buducnost Podgorica","Montenegro",1.875,4.75,39.5,":me:","Montenegro: 4.75 points","Podgorica City Stadium",42.444728,19.264378
"Burnley FC","England",0.5,106.429,0.5,":gb-eng:","England: 106.429 points","Turf Moor",53.789064,-2.230225
"Cardiff MU","Wales",0.25,6.167,4.1,":gb-wls:","Wales: 6.167 points","Cardiff City Stadium",51.472778,-3.203056
"CD Santa Clara","Portugal",0.833,55.883,1.5,":pt:","Portugal: 55.883 points","Estádio de São Miguel",37.763708,-25.622589
"Cefn Druids","Wales",0.125,6.167,2,":gb-wls:","Wales: 6.167 points","The Rock",52.977212,-3.069646
"Celtic","Scotland",12.1,36.4,33.2,":gb-sct:","Scotland: 36.4 points","Celtic Park",55.849696,-4.2055427
"CFR Cluj","Romania",11.75,20.5,57.3,":ro:","Romania: 20.5 points","Stadionul Dr. Constantin Radulescu",46.779678,23.577247
"Charleroi","Belgium",0.4,41.4,1,":be:","Belgium: 41.4 points","Stade du Pays de Charleroi",50.414609,4.453787
"Chelsea","England",18,106.429,16.9,":gb-eng:","England: 106.429 points","Stamford Bridge",51.481666666,-0.191111111
"Chikhura Sachkhere","Georgia",1.125,8,14.1,":ge:","Georgia: 8 points","Chikhura Stadium",42.3434539,43.4117564
"Cliftonville","Northern Ireland",0.375,8.583,4.4,":gb-nir:","Northern Ireland: 8.583 points","Solitude",54.619517,-5.947272
"Club Brugge","Belgium",11.5,41.4,27.8,":be:","Belgium: 41.4 points","Jan Breydel Stadium",51.193269,3.181311
"Coleraine","Northern Ireland",1.292,8.583,15,":gb-nir:","Northern Ireland: 8.583 points","The Showgrounds",55.132778,-6.660278
"Connah's Quay","Wales",0.875,6.167,14.2,":gb-wls:","Wales: 6.167 points","Deeside Stadium",53.225338,-3.076504
"Cork City","Ireland",0.25,10.375,2.4,":ie:","Ireland: 10.375 points","Turners Cross",51.885528,-8.46775
"Cracovia Kraków","Poland",0.375,20.25,1.9,":pl:","Poland: 20.25 points","Marshal Józef Pilsudski Stadium",50.058056,19.919722
"Crusaders Belfast","Northern Ireland",1,8.583,11.7,":gb-nir:","Northern Ireland: 8.583 points","Seaview",54.624294,-5.921925
"Crvena zvezda","Serbia",16,32.375,49.4,":rs:","Serbia: 32.375 points","Red Star Stadium",44.7832,20.464914
"CS Fola Esch","Luxembourg",1.625,9,18.1,":lu:","Luxembourg: 9 points","Stade Émile Mayrisch",49.492222222,5.989722222
"CSKA Moscow","Russia",2.667,26.216,10.2,":ru:","Russia: 26.216 points","Arena CSKA",55.791389,37.516111
"CSKA Sofia","Bulgaria",6,20,30,":bg:","Bulgaria: 20 points","Balgarska Armia Stadium",42.684258,23.339769
"Cukaricki Belgrade","Serbia",1.75,32.375,5.4,":rs:","Serbia: 32.375 points","Stadion Cukaricki",44.772658,20.421639
"DAC Dunajska Streda","Slovakia",2.5,19.75,12.7,":sk:","Slovakia: 19.75 points","DAC Stadion",47.99888889,17.61833333
"Decic Tuzi","Montenegro",0.125,4.75,2.6,":me:","Montenegro: 4.75 points","Stadion Tuško Polje",42.3599,19.3264
"Derry City","Ireland",0.375,10.375,3.6,":ie:","Ireland: 10.375 points","Brandywell Stadium",54.990633,-7.336
"Desna Chernihiv","Ukraine",0.1,29.5,0.3,":ua:","Ukraine: 29.5 points","Chernihiv Stadium",51.50166667,31.32722222
"Differdange 03","Luxembourg",0.25,9,2.8,":lu:","Luxembourg: 9 points","Stade Municipal de la Ville de Differdange",49.513932,5.889775
"Dila Gori","Georgia",0.375,8,4.7,":ge:","Georgia: 8 points","Tengiz Burjanadze Stadium",41.983019,44.103828
"Dinamo-Auto Tiraspol","Moldova",0.125,12.25,1,":md:","Moldova: 12.25 points","Dinamo-Auto Stadium",46.81194,29.55278
"Dinamo Batumi","Georgia",1.25,8,15.6,":ge:","Georgia: 8 points","Chele Arena",41.812981,41.774458
"Dinamo Minsk","Belarus",1.625,9.875,16.5,":by:","Belarus: 9.875 points","Dinamo Stadium",53.895138888,27.560277777
"Dinamo Moscow","Russia",0.083,26.216,0.3,":ru:","Russia: 26.216 points","VTB Arena",55.7914,37.5597
"Dinamo Tbilisi","Georgia",2.125,8,26.6,":ge:","Georgia: 8 points","Dinamo Arena",41.723,44.78975
"Djurgårdens IF","Sweden",5.25,23.75,22.1,":se:","Sweden: 23.75 points","Stockholm Olympic Stadium",59.345278,18.078889
"Dundalk","Ireland",3.125,10.375,30.1,":ie:","Ireland: 10.375 points","Oriel Park",53.998944,-6.416917
"Dundee United","Scotland",0.2,36.4,0.5,":gb-sct:","Scotland: 36.4 points","Tannadice Park",56.474703,-2.968961
"DVSC Debrecen","Hungary",0.375,20.625,1.8,":hu:","Hungary: 20.625 points","Stadion Oláh Gábor Út",47.549573,21.638882
"Dynamo Brest","Belarus",1.625,9.875,16.5,":by:","Belarus: 9.875 points","Regional Sport Complex Brestsky",52.089722222,23.68375
"Dynamo Kyiv","Ukraine",8.5,29.5,28.8,":ua:","Ukraine: 29.5 points","Olimpiyskiy National Sports Complex",50.433333333,30.521666666
"Eintracht Frankfurt","Germany",11.429,81.732,14,":de:","Germany: 81.732 points","Waldstadion",50.068611,8.645278
"Esbjerg fB","Denmark",0.125,27.825,0.4,":dk:","Denmark: 27.825 points","Blue Water Arena",55.481944,8.439444
"Espanyol","Spain",2.214,90.857,2.4,":es:","Spain: 90.857 points","Estadi Cornellà-El Prat",41.347861,2.075667
"Europa FC","Gibraltar",1.125,5.792,19.4,":gi:","Gibraltar: 5.792 points","Victoria Stadium",36.149356,-5.350342
"F91 Dudelange","Luxembourg",4.75,9,52.8,":lu:","Luxembourg: 9 points","Stade Jos Nosbaum",49.472222222,6.084722222
"FC Ballkani","Kosovo",2.125,11.042,19.2,":xk:","Kosovo: 11.042 points","Balkanabat Stadium",39.511944,54.365
"FC Barcelona","Spain",14.571,90.857,16,":es:","Spain: 90.857 points","Camp Nou",41.380833,2.1225
"FC Basel","Switzerland",13.85,30.175,45.9,":ch:","Switzerland: 30.175 points","St. Jakob-Park",47.541389,7.62
"FC Botosani","Romania",0.5,20.5,2.4,":ro:","Romania: 20.5 points","Stadionul Municipal",47.7483,26.6519
"FC Drita","Kosovo",3.458,11.042,31.3,":xk:","Kosovo: 11.042 points","Stadium Bogovinje",41.4375,22.7689
"FC Fehérvár","Hungary",2.75,20.625,13.3,":hu:","Hungary: 20.625 points","Sóstói Stadion",47.17369444,18.41536111
"FC Gomel","Belarus",0,9.875,0,":by:","Belarus: 9.875 points","Central Stadium",52.436527777,31.012361111
"FC København","Denmark",13.4,27.825,48.2,":dk:","Denmark: 27.825 points","Parken Stadium",55.702469,12.572203
"FC Lahti","Finland",0.125,10.25,1.2,":fi:","Finland: 10.25 points","Lahti Stadium",60.983056,25.634167
"FC Lugano","Switzerland",0.6,30.175,2,":ch:","Switzerland: 30.175 points","Cornaredo Stadium",46.023611,8.961667
"FC Luzern","Switzerland",0.4,30.175,1.3,":ch:","Switzerland: 30.175 points","Swissporarena",47.033264,8.305187
"FC Mariupol","Ukraine",0.4,29.5,1.4,":ua:","Ukraine: 29.5 points","Illichivets Stadium",47.143722,37.558333
"FC Midtjylland","Denmark",7.475,27.825,26.9,":dk:","Denmark: 27.825 points","MCH Arena",56.11666667,8.95166667
"FC Nantes","France",1.5,61,2.5,":fr:","France: 61 points","Stade de la Beaujoire",47.255556,-1.525278
"FC Noah","Armenia",0.375,9.875,3.8,":am:","Armenia: 9.875 points","Mika Stadium",40.149373,44.476449
"FC Nordsjælland","Denmark",1,27.825,3.6,":dk:","Denmark: 27.825 points","Farum Park",55.815847,12.353289
"FC Oleksandriya","Ukraine",0.6,29.5,2,":ua:","Ukraine: 29.5 points","CSC Nika Stadium",48.674722,33.103611
"FC Porto","Portugal",15.967,55.883,28.6,":pt:","Portugal: 55.883 points","Estádio do Dragão",41.161758,-8.583933
"FC Prishtina","Kosovo",3,11.042,27.2,":xk:","Kosovo: 11.042 points","Fadil Vokrri Stadium",42.66297,21.15688
"FC Salzburg","Austria",13.6,34,40,":at:","Austria: 34 points","Red Bull Arena",47.81625,12.998222222
"FC Sankt Gallen","Switzerland",0.325,30.175,1.1,":ch:","Switzerland: 30.175 points","kybunpark",47.408333,9.306389
"FC Santa Coloma","Andorra",1.667,5.167,32.3,":ad:","Andorra: 5.167 points","Estadi Comunal d'Aixovall",42.476389,1.487667
"FC Sochi","Russia",0.6,26.216,2.3,":ru:","Russia: 26.216 points","Fisht Olympic Stadium",43.401769445,39.955858093
"FC Struga","North Macedonia",0.125,5.5,2.3,":mk:","North Macedonia: 5.5 points","Gradska Plaža Stadium",41.1728,20.6842
"FC Thun","Switzerland",0,30.175,0,":ch:","Switzerland: 30.175 points","Stockhorn Arena",46.744817,7.606075
"FC Twente Enschede","Netherlands",0.5,58.9,0.8,":nl:","Netherlands: 58.9 points","De Grolsch Veste",52.236666666,6.8375
"FC Ufa","Russia",0.5,26.216,1.9,":ru:","Russia: 26.216 points","BetBoom Arena",54.8259,56.0614
"FC Utrecht","Netherlands",0.1,58.9,0.2,":nl:","Netherlands: 58.9 points","Stadion Galgenwaard",52.078333333,5.145833333
"FC Vaduz","Liechtenstein",11,11,100,":li:","Liechtenstein: 11 points","Rheinpark Stadion",47.140277777,9.510277777
"FC Vitebsk","Belarus",0.125,9.875,1.3,":by:","Belarus: 9.875 points","Vitebsky Central Sport Complex",55.198472222,30.229305555
"FC Zürich","Switzerland",3.025,30.175,10,":ch:","Switzerland: 30.175 points","Letzigrund",47.382791,8.503801
"FCB Magpies","Gibraltar",0.25,5.792,4.3,":gi:","Gibraltar: 5.792 points","Victoria Stadium",36.149356,-5.350342
"FCSB","Romania",4.875,20.5,23.8,":ro:","Romania: 20.5 points","National Arena",44.4372,26.1525
"Fenerbahçe","Turkey",7.3,32.1,22.7,":tr:","Turkey: 32.1 points","Sükrü Saracoglu Stadium",40.9875,29.036666666
"Ferencváros","Hungary",11.375,20.625,55.2,":hu:","Hungary: 20.625 points","Groupama Arena",47.475277777,19.096111111
"Feronikeli","Kosovo",1.25,11.042,11.3,":xk:","Kosovo: 11.042 points","Rexhep Rexhepi Stadium",42.616446,20.903551
"Feyenoord","Netherlands",11.1,58.9,18.8,":nl:","Netherlands: 58.9 points","De Kuip",51.893894444,4.523252777
"FH Hafnarfjardar","Iceland",1.125,7.25,15.5,":is:","Iceland: 7.25 points","Kaplakriki",64.075833,-21.938611
"Fiorentina","Italy",2.786,77.214,3.6,":it:","Italy: 77.214 points","Stadio Artemio Franchi (Florence)",43.780822,11.282258
"FK Astana","Kazakhstan",5.125,12.625,40.6,":kz:","Kazakhstan: 12.625 points","Astana Arena",51.108056,71.401667
"FK Borac Banja Luka","Bosnia-Herzegovina",1.125,9.75,11.5,":ba:","Bosnia-Herzegovina: 9.75 points","Gradski stadion",44.7761,17.1996
"FK Haugesund","Norway",0.875,29,3,":no:","Norway: 29 points","Haugesund Stadion",59.413068,5.279379
"FK Jablonec","Czech Republic",2.4,29.05,8.3,":cz:","Czech Republic: 29.05 points","Chance Arena",50.714964,15.162225
"FK Krasnodar","Russia",4.667,26.216,17.8,":ru:","Russia: 26.216 points","Kuban Stadium",45.025277777,38.999444444
"FK Kukësi","Albania",1.25,6.25,20,":al:","Albania: 6.25 points","Zeqir Ymeri Stadium",42.1422,20.7003
"FK Kyzylzhar","Kazakhstan",0.375,12.625,3,":kz:","Kazakhstan: 12.625 points","Avangard Stadium",54.874085,69.152074
"FK Liepaja","Latvia",1.5,10.625,14.1,":lv:","Latvia: 10.625 points","Daugava Stadium",56.502952,20.995424
"FK Panevezys","Lithuania",0.125,10,1.2,":lt:","Lithuania: 10 points","Aukštaitija Stadium",55.739167,24.359444
"FK Podgorica","Montenegro",0.25,4.75,5.3,":me:","Montenegro: 4.75 points","Podgorica City Stadium",42.444728,19.264378
"FK Riteriai","Lithuania",0.75,10,7.5,":lt:","Lithuania: 10 points","LFF Stadium",54.668611,25.294444
"FK Rostov","Russia",0.083,26.216,0.3,":ru:","Russia: 26.216 points","Olimp-2",47.24301111,39.76105278
"FK Sarajevo","Bosnia-Herzegovina",1.875,9.75,19.2,":ba:","Bosnia-Herzegovina: 9.75 points","Asim Ferhatovic Hase Stadium",43.873888888,18.408611111
"FK Shkupi","North Macedonia",1.125,5.5,20.5,":mk:","North Macedonia: 5.5 points","Cair Stadium",42.0155,21.4443
"FK Trakai","Lithuania",0.875,10,8.8,":lt:","Lithuania: 10 points","LFF Stadium",54.668611,25.294444
"FK Ventspils","Latvia",1.5,10.625,14.1,":lv:","Latvia: 10.625 points","Ventspils Olimpiskais Stadions",57.3873,21.5704
"Flora Tallinn","Estonia",4.958,7.583,65.4,":ee:","Estonia: 7.583 points","A. Le Coq Arena",59.421292,24.73205
"Floriana","Malta",0.875,8.25,10.6,":mt:","Malta: 8.25 points","Ta' Qali National Stadium",35.894863888,14.415372222
"Folgore","San Marino",0.167,2,8.3,":sm:","San Marino: 2 points","Stadio Olimpico",43.97125,12.476972
"Gabala FK","Azerbaijan",0.5,16.625,3,":az:","Azerbaijan: 16.625 points","Gabala City Stadium",40.985194444,47.8425
"Gagra Tbilisi","Georgia",0.125,8,1.6,":ge:","Georgia: 8 points","Sinatle Stadium",41.674824,44.859751
"Galatasaray","Turkey",7.1,32.1,22.1,":tr:","Turkey: 32.1 points","nef Stadium",41.103388888,28.991
"Gandzasar Kapan","Armenia",0.25,9.875,2.5,":am:","Armenia: 9.875 points","Gandzasar Stadium",39.207787,46.400674
"Getafe","Spain",1.571,90.857,1.7,":es:","Spain: 90.857 points","Coliseum Alfonso Pérez",40.325556,-3.714722
"Gil Vicente","Portugal",0.25,55.883,0.4,":pt:","Portugal: 55.883 points","Estádio Cidade de Barcelos",41.533888888,-8.611111111
"Girondins Bordeaux","France",1.75,61,2.9,":fr:","France: 61 points","Stade Sainte-Germain",44.8707,-0.617069
"Glenavon","Northern Ireland",0.25,8.583,2.9,":gb-nir:","Northern Ireland: 8.583 points","Mourneview Park",54.453889,-6.336389
"Glentoran","Northern Ireland",0.792,8.583,9.2,":gb-nir:","Northern Ireland: 8.583 points","The Oval",54.602964,-5.891319
"GNK Dinamo","Croatia",18.875,25.4,74.3,":hr:","Croatia: 25.4 points","Stadion Maksimir",45.818858333,16.018077777
"Górnik Zabrze","Poland",0.375,20.25,1.9,":pl:","Poland: 20.25 points","Ernest Pohl Stadium",50.296317,18.768564
"Granada CF","Spain",2.5,90.857,2.8,":es:","Spain: 90.857 points","Estadio Nuevo Los Cármeness",37.152967,-3.595736
"Gzira United","Malta",1.875,8.25,22.7,":mt:","Malta: 8.25 points","Ta' Qali National Stadium",35.894863888,14.415372222
"Hajduk Split","Croatia",1.775,25.4,7,":hr:","Croatia: 25.4 points","Stadion Poljud",43.519444,16.431667
"Hammarby IF","Sweden",1.5,23.75,6.3,":se:","Sweden: 23.75 points","Tele2 Arena",59.29138889,18.08527778
"Hamrun Spartans","Malta",1.125,8.25,13.6,":mt:","Malta: 8.25 points","Victor Tedesco Stadium",35.8873,14.4925
"Hapoel Beer-Sheva","Israel",8,25,32,":il:","Israel: 25 points","Turner Stadium",31.2731,34.7794
"Hapoel Haifa","Israel",0.375,25,1.5,":il:","Israel: 25 points","Sammy Ofer Stadium",32.783111111,34.965166666
"HB Torshavn","Faroe Islands",1.625,8.75,18.6,":fo:","Faroe Islands: 8.75 points","Gundadalur",62.0193487,-6.7811394
"Hearts FC","Scotland",0.8,36.4,2.2,":gb-sct:","Scotland: 36.4 points","Tynecastle Park",55.939167,-3.232222
"Hibernian","Scotland",1.5,36.4,4.1,":gb-sct:","Scotland: 36.4 points","Easter Road",55.961666666,-3.165555555
"Hibernians FC","Malta",1.875,8.25,22.7,":mt:","Malta: 8.25 points","Hibernians Stadium",35.882861111,14.513027777
"HJK Helsinki","Finland",4.875,10.25,47.6,":fi:","Finland: 10.25 points","Finnair Stadium",60.18689398,24.92606242
"Honka Espoo","Finland",0.625,10.25,6.1,":fi:","Finland: 10.25 points","Tapiola Sports Park",60.1793447,24.7697469
"Honvéd Budapest","Hungary",1.625,20.625,7.9,":hu:","Hungary: 20.625 points","Hidegkuti Nándor Stadion",47.490919444,19.106725
"IBV Vestmannaeyjar","Iceland",0,7.25,0,":is:","Iceland: 7.25 points","Hásteinsvöllur",63.439414,-20.28795
"IF Elfsborg","Sweden",1.125,23.75,4.7,":se:","Sweden: 23.75 points","Borås Arena",57.73457,12.934334
"IFK Göteborg","Sweden",0.125,23.75,0.5,":se:","Sweden: 23.75 points","Gamla Ullevi",57.706111111,11.980555555
"IFK Norrköping","Sweden",1.125,23.75,4.7,":se:","Sweden: 23.75 points","Idrottsparken",58.584166666,16.173055555
"Ilves Tampere","Finland",0.25,10.25,2.4,":fi:","Finland: 10.25 points","Tampere Stadium",61.4925,23.764167
"Inter Club d'Escaldes","Andorra",1.333,5.167,25.8,":ad:","Andorra: 5.167 points","Estadi Comunal d'Aixovall",42.476389,1.487667
"Inter Turku","Finland",0.75,10.25,7.3,":fi:","Finland: 10.25 points","Veritas Stadion",60.442778,22.291667
"Internazionale","Italy",12.429,77.214,16.1,":it:","Italy: 77.214 points","Stadio Giuseppe Meazza",45.478055,9.123947
"Irtysh Pavlodar","Kazakhstan",0.125,12.625,1,":kz:","Kazakhstan: 12.625 points","Pavlodar Central Stadium",52.276383,76.949712
"Iskra Danilovgrad","Montenegro",0.5,4.75,10.5,":me:","Montenegro: 4.75 points","Braca Velaševic Stadium",42.55408333,19.10294444
"Istanbul Basaksehir","Turkey",6.9,32.1,21.5,":tr:","Turkey: 32.1 points","Atatürk Olympic Stadium",41.074472222,28.765702777
"Jagiellonia Bialystok","Poland",0.375,20.25,1.9,":pl:","Poland: 20.25 points","Bialystok City Stadium",53.105556,23.148889
"Jeunesse d'Esch","Luxembourg",0.25,9,2.8,":lu:","Luxembourg: 9 points","Stade de la Frontière",49.485833333,5.976944444
"Juventus","Italy",14.143,77.214,18.3,":it:","Italy: 77.214 points","Juventus Stadium",45.1096276,7.6412431
"Kairat Almaty","Kazakhstan",3.625,12.625,28.7,":kz:","Kazakhstan: 12.625 points","Almaty Central Stadium",43.238331,76.92435
"Kalju Nomme","Estonia",0.625,7.583,8.2,":ee:","Estonia: 7.583 points","Hiiu Stadium",59.385456,24.659603
"Kauno Zalgiris","Lithuania",0.625,10,6.2,":lt:","Lithuania: 10 points","Darius and Girenas Stadium",54.897222,23.936944
"Kaysar Kyzylorda","Kazakhstan",0.125,12.625,1,":kz:","Kazakhstan: 12.625 points","Gani Muratbayev Stadium",44.8260778,65.5012112
"Kesla FK","Azerbaijan",0.5,16.625,3,":az:","Azerbaijan: 16.625 points","ASK Arena",40.410986,49.897711
"KF Laçi","Albania",1.875,6.25,30,":al:","Albania: 6.25 points","Laçi Stadium",41.64248,19.711672
"KF Llapi","Kosovo",0.292,11.042,2.6,":xk:","Kosovo: 11.042 points","City Stadium",42.905,21.19472222
"KF Tirana","Albania",0.625,6.25,10,":al:","Albania: 6.25 points","Selman Stërmasi Stadium",41.31898056,19.81138333
"KI Klaksvik","Faroe Islands",3.458,8.75,39.5,":fo:","Faroe Islands: 8.75 points","Djúpumýra Stadium",62.225246,-6.579201
"Kilmarnock","Scotland",0.25,36.4,0.7,":gb-sct:","Scotland: 36.4 points","Rugby Park",55.604225,-4.508122
"Kisvárda FC","Hungary",0.75,20.625,3.6,":hu:","Hungary: 20.625 points","Várkerti Stadion",48.23261,22.0723783
"Kolos Kovalivka","Ukraine",0.6,29.5,2,":ua:","Ukraine: 29.5 points","Kolos Stadium",49.985833333,30.008333333
"Konyaspor","Turkey",0.5,32.1,1.6,":tr:","Turkey: 32.1 points","Konya Atatürk Stadium",37.865389,32.483278
"KR Reykjavik","Iceland",0.708,7.25,9.8,":is:","Iceland: 7.25 points","KR-völlur",64.145683,-21.967728
"KuPS Kuopio","Finland",3.375,10.25,32.9,":fi:","Finland: 10.25 points","Kehrweg Stadion",50.626389,6.045833
"La Fiorita","San Marino",0.333,2,16.7,":sm:","San Marino: 2 points","Stadio Olimpico",43.97125,12.476972
"Larne FC","Northern Ireland",1.25,8.583,14.6,":gb-nir:","Northern Ireland: 8.583 points","Inver Park",54.84980278,-5.82625833
"LASK","Austria",9.1,34,26.8,":at:","Austria: 34 points","Linzer Stadion",48.293333,14.276389
"Lazio","Italy",6.571,77.214,8.5,":it:","Italy: 77.214 points","Stadio Olimpico",41.933872,12.454714
"Lech Poznan","Poland",7.625,20.25,37.7,":pl:","Poland: 20.25 points","Stadion Miejski",52.397222,16.858056
"Lechia Gdansk","Poland",0.875,20.25,4.3,":pl:","Poland: 20.25 points","Stadion Energa Gdansk",54.39,18.640278
"Legia Warsaw","Poland",5.625,20.25,27.8,":pl:","Poland: 20.25 points","Polish Army Stadium",52.220461,21.040628
"Leicester City","England",3.857,106.429,3.6,":gb-eng:","England: 106.429 points","Leicester City Stadium",52.620277777,-1.142222222
"Levadia Tallinn","Estonia",1.208,7.583,15.9,":ee:","Estonia: 7.583 points","Kadriorg Stadium",59.434472222,24.783444444
"Levski Sofia","Bulgaria",1.375,20,6.9,":bg:","Bulgaria: 20 points","Georgi Asparuhov Stadium",42.705467,23.363197
"Lille OSC","France",5,61,8.2,":fr:","France: 61 points","Stade du RCL",50.611944,3.130556
"Lillestrøm SK","Norway",0.5,29,1.7,":no:","Norway: 29 points","Åråsen Stadion",59.962752,11.063458
"Lincoln Red Imps","Gibraltar",2.792,5.792,48.2,":gi:","Gibraltar: 5.792 points","Victoria Stadium",36.149356,-5.350342
"Linfield Belfast","Northern Ireland",3.25,8.583,37.9,":gb-nir:","Northern Ireland: 8.583 points","Windsor Park",54.5825,-5.955
"Liverpool","England",17.571,106.429,16.5,":gb-eng:","England: 106.429 points","Anfield",53.430833333,-2.960833333
"Lokomotiv Moscow","Russia",3.567,26.216,13.6,":ru:","Russia: 26.216 points","RZD Arena",55.80355,37.741169
"Lokomotiv Plovdiv","Bulgaria",1.125,20,5.6,":bg:","Bulgaria: 20 points","Lokomotiv Stadium",42.133889,24.771667
"Lokomotiva Zagreb","Croatia",0.2,25.4,0.8,":hr:","Croatia: 25.4 points","Stadion Maksimir",45.818858333,16.018077777
"Lokomotivi Tbilisi","Georgia",0.875,8,10.9,":ge:","Georgia: 8 points","Mikheil Meskhi Stadium",41.709617,44.746247
"Ludogorets Razgrad","Bulgaria",10.75,20,53.8,":bg:","Bulgaria: 20 points","Ludogorets Arena",43.53361111,26.5275
"Luftëtari Gjirokastër","Albania",0.125,6.25,2,":al:","Albania: 6.25 points","Subi Bakiri Stadium",40.0812,20.1381
"Maccabi Haifa","Israel",6.5,25,26,":il:","Israel: 25 points","Sammy Ofer Stadium",32.783111111,34.965166666
"Maccabi Netanya","Israel",0.125,25,0.5,":il:","Israel: 25 points","Netanya Stadium",32.294397,34.864433
"Maccabi Tel-Aviv","Israel",9.25,25,37,":il:","Israel: 25 points","Bloomfield Stadium",32.05173,34.76148
"Makedonija GjP","North Macedonia",0.125,5.5,2.3,":mk:","North Macedonia: 5.5 points","<U+01F4>orce Petrov Stadium",42.00222222,21.36
"Malmö FF","Sweden",12.125,23.75,51.1,":se:","Sweden: 23.75 points","Swedbank Stadion",55.583611111,12.987777777
"Manchester City","England",19.286,106.429,18.1,":gb-eng:","England: 106.429 points","City of Manchester Stadium",53.483055555,-2.200277777
"Manchester United","England",15.143,106.429,14.2,":gb-eng:","England: 106.429 points","Old Trafford",53.463055555,-2.291388888
"MFK Ruzomberok","Slovakia",0.5,19.75,2.5,":sk:","Slovakia: 19.75 points","Štadión MFK Ružomberok",49.0825,19.28388889
"Milsami Orhei","Moldova",0.875,12.25,7.1,":md:","Moldova: 12.25 points","CSR Orhei",47.3744,28.8192
"Mladá Boleslav","Czech Republic",0.4,29.05,1.4,":cz:","Czech Republic: 29.05 points","Mestský stadion",50.427083,14.914783
"Molde FK","Norway",9.5,29,32.8,":no:","Norway: 29 points","Aker Stadion",62.73341,7.14813
"Mons Calpe","Gibraltar",0.125,5.792,2.2,":gi:","Gibraltar: 5.792 points","Victoria Stadium",36.149356,-5.350342
"Mosta FC","Malta",0.25,8.25,3,":mt:","Malta: 8.25 points","Mosta Ground",35.90472222,14.43472222
"Motherwell","Scotland",0.75,36.4,2.1,":gb-sct:","Scotland: 36.4 points","Fir Park",55.779947,-3.980078
"MS Ashdod","Israel",0.125,25,0.5,":il:","Israel: 25 points","Yud-Alef Stadium",31.8103,34.6483
"MSK Zilina","Slovakia",1.25,19.75,6.3,":sk:","Slovakia: 19.75 points","Štadión pod Dubnom",49.229167,18.744722
"Mura Murska Sobota","Slovenia",3.125,12.5,25,":si:","Slovenia: 12.5 points","Fazanerija City Stadium",46.668611,16.1575
"Napoli","Italy",11.571,77.214,15,":it:","Italy: 77.214 points","Stadio Diego Armando Maradona",40.827967,14.193008
"Neftchi Baku","Azerbaijan",3.125,16.625,18.8,":az:","Azerbaijan: 16.625 points","Bakcell Arena",40.400163,49.944019
"Newtown","Wales",0.333,6.167,5.4,":gb-wls:","Wales: 6.167 points","Latham Park",52.5115,-3.32288
"NK Celje","Slovenia",0.625,12.5,5,":si:","Slovenia: 12.5 points","Stadion Z'dežele",46.246667,15.270278
"NK Domzale","Slovenia",1.875,12.5,15,":si:","Slovenia: 12.5 points","Domžale Sports Park",46.136967,14.602343
"NK Koper","Slovenia",0.125,12.5,1,":si:","Slovenia: 12.5 points","Bonifika Stadium",45.542356,13.730453
"NK Maribor","Slovenia",3.375,12.5,27,":si:","Slovenia: 12.5 points","Ljudski vrt",46.5625,15.640556
"NK Osijek","Croatia",1.6,25.4,6.3,":hr:","Croatia: 25.4 points","Gradski Vrt Stadium",45.545,18.695833
"NK Rijeka","Croatia",2.95,25.4,11.6,":hr:","Croatia: 25.4 points","Stadion Kantrida",45.339202,14.380959
"NSI Runavik","Faroe Islands",0.792,8.75,9,":fo:","Faroe Islands: 8.75 points","Runavík Stadium",62.105833,-6.723333
"OFI Heraklion","Greece",0.1,25.225,0.4,":gr:","Greece: 25.225 points","Pankritio Stadium",35.336666666,25.106111111
"OFK Titograd","Montenegro",0.25,4.75,5.3,":me:","Montenegro: 4.75 points","Omladinski Stadium",44.815456,20.494047
"OGC Nice","France",2.667,61,4.4,":fr:","France: 61 points","Allianz Riviera",43.705138888,7.192583333
"Olimpija Ljubljana","Slovenia",2.875,12.5,23,":si:","Slovenia: 12.5 points","Stožice Stadium",46.081111,14.521389
"Olympiakos Piraeus","Greece",11.95,25.225,47.4,":gr:","Greece: 25.225 points","Karaiskakis Stadium",37.946169,23.664536
"Olympique Lyonnais","France",10.167,61,16.7,":fr:","France: 61 points","Parc Olympique Lyonnais",45.765224,4.982131
"Olympique Marseille","France",5.833,61,9.6,":fr:","France: 61 points","Stade Vélodrome",43.269722222,5.395833333
"Omonia Nicosia","Cyprus",3.775,24.475,15.4,":cy:","Cyprus: 24.475 points","Dasaki Stadium",35.033889,33.765
"Ordabasy Shymkent","Kazakhstan",0.75,12.625,5.9,":kz:","Kazakhstan: 12.625 points","Kazhimukan Munaitpasov Stadium",42.335493,69.593568
"Paços de Ferreira","Portugal",0.333,55.883,0.6,":pt:","Portugal: 55.883 points","Estádio da Mata Real",41.271353,-8.385581
"Paide Linnameeskond","Estonia",0.792,7.583,10.4,":ee:","Estonia: 7.583 points","Paide linnastaadion",58.87845,25.54063
"Panathinaikos","Greece",0.125,25.225,0.5,":gr:","Greece: 25.225 points","Apostolos Nikolaidis Stadium",37.987169444,23.754194444
"PAOK Thessaloniki","Greece",7.6,25.225,30.1,":gr:","Greece: 25.225 points","Toumba Stadium",40.613839,22.972422
"Paris Saint-Germain","France",18.667,61,30.6,":fr:","France: 61 points","Parc des Princes",48.841388888,2.253055555
"Partizan Belgrade","Serbia",11.75,32.375,36.3,":rs:","Serbia: 32.375 points","Partizan Stadium",44.788611,20.459167
"Partizani Tirana","Albania",1,6.25,16,":al:","Albania: 6.25 points","Selman Stërmasi Stadium",41.31898056,19.81138333
"Petrocub Hîncesti","Moldova",1.375,12.25,11.2,":md:","Moldova: 12.25 points","Stadionul Ora<U+0219>enesc",46.8253576,28.5844937
"Piast Gliwice","Poland",1.25,20.25,6.2,":pl:","Poland: 20.25 points","Stadion Piast",50.306583,18.695866
"Pogon Szczecin","Poland",0.5,20.25,2.5,":pl:","Poland: 20.25 points","Stadion Florian Kryger",53.43657611,14.51865806
"Progrès Niederkorn","Luxembourg",1.75,9,19.4,":lu:","Luxembourg: 9 points","Stade Jos Haupert",49.546111111,5.903369444
"PSV Eindhoven","Netherlands",12.8,58.9,21.7,":nl:","Netherlands: 58.9 points","Philips Stadion",51.4417,5.4674
"Puskás Akadémia","Hungary",0.625,20.625,3,":hu:","Hungary: 20.625 points","Pancho Arena",47.464,18.5868
"Pyunik Yerevan","Armenia",3.375,9.875,34.2,":am:","Armenia: 9.875 points","Alashkert Stadium",40.154605,44.475231
"Qarabag FK","Azerbaijan",12.125,16.625,72.9,":az:","Azerbaijan: 16.625 points","Karabakh Stadium",40.4212,49.9968
"Rabotnicki Skopje","North Macedonia",0.25,5.5,4.5,":mk:","North Macedonia: 5.5 points","Toše Proeski Arena",42.005733,21.425592
"Racing Genk","Belgium",4.8,41.4,11.6,":be:","Belgium: 41.4 points","Cegeka Arena",51.0050212,5.5334055
"Racing Union Luxembourg","Luxembourg",0.125,9,1.4,":lu:","Luxembourg: 9 points","Stade Achille Hammerel",49.604722222,6.140277777
"Radnicki Nis","Serbia",1,32.375,3.1,":rs:","Serbia: 32.375 points","Cair Stadium",43.315528,21.908533
"Radnik Bijeljina","Bosnia-Herzegovina",0.25,9.75,2.6,":ba:","Bosnia-Herzegovina: 9.75 points","Bijeljina City Stadium",44.75444444,19.225
"Raków Czestochowa","Poland",2.125,20.25,10.5,":pl:","Poland: 20.25 points","Miejski Stadion Pilkarski RKS",50.7766666,19.1599721
"Randers FC","Denmark",1.5,27.825,5.4,":dk:","Denmark: 27.825 points","AutoC Park Randers",56.46583333,10.01027778
"Rangers","Scotland",18.125,36.4,49.8,":gb-sct:","Scotland: 36.4 points","Ibrox Stadium",55.853055555,-4.309166666
"Rapid Wien","Austria",5.8,34,17.1,":at:","Austria: 34 points","Allianz Stadion",48.1981,16.2653
"RB Leipzig","Germany",12.75,81.732,15.6,":de:","Germany: 81.732 points","Zentralstadion",51.345833,12.348056
"RC Strasbourg","France",0.667,61,1.1,":fr:","France: 61 points","Stade de la Meinau",48.560064,7.754969
"Real Betis","Spain",5.714,90.857,6.3,":es:","Spain: 90.857 points","Ciudad Deportiva Luis Del Sol",37.3517,-5.98222
"Real Madrid","Spain",16.429,90.857,18.1,":es:","Spain: 90.857 points","Santiago Bernabéu",40.453053,-3.688344
"Real Sociedad","Spain",4.857,90.857,5.3,":es:","Spain: 90.857 points","Anoeta Stadium",43.301378,-1.973617
"Renova Dzepciste","North Macedonia",0.5,5.5,9.1,":mk:","North Macedonia: 5.5 points","Gradski stadion Tetovo",42.018692,20.978179
"RFS Riga","Latvia",2.625,10.625,24.7,":lv:","Latvia: 10.625 points","Latvijas Universitates Stadions",56.961479,24.1436899
"Riga FC","Latvia",4,10.625,37.6,":lv:","Latvia: 10.625 points","Skonto Stadium",56.961372,24.116408
"Rio Ave","Portugal",0.8,55.883,1.4,":pt:","Portugal: 55.883 points","Estádio do Rio Ave FC",41.362756,-8.740186
"RoPS Rovaniemi","Finland",0,10.25,0,":fi:","Finland: 10.25 points","Rovaniemen keskuskenttä",66.4997,25.7217
"Rosenborg BK","Norway",5.5,29,19,":no:","Norway: 29 points","Lerkendal Stadion",63.4125,10.405
"Royal Antwerp","Belgium",3.7,41.4,8.9,":be:","Belgium: 41.4 points","Stadion Broodstraat",51.2327,4.471575
"Rubin Kazan","Russia",0.1,26.216,0.4,":ru:","Russia: 26.216 points","Central Stadium",55.796944,49.098889
"Rudar Pljevlja","Montenegro",0,4.75,0,":me:","Montenegro: 4.75 points","Gradski stadion",43.362349,19.362245
"Rudar Velenje","Slovenia",0.5,12.5,4,":si:","Slovenia: 12.5 points","Ob Jezeru City Stadium",46.372931,15.104184
"Sabail FK","Azerbaijan",0,16.625,0,":az:","Azerbaijan: 16.625 points","Bayil Stadium",40.332217,49.817664
"Saburtalo Tbilisi","Georgia",1.125,8,14.1,":ge:","Georgia: 8 points","Mikheil Meskhi Stadium",41.709617,44.746247
"Samtredia","Georgia",0,8,0,":ge:","Georgia: 8 points","Erosi Manjgaladze Stadium",42.16084,42.33064
"Sant Julià","Andorra",0.667,5.167,12.9,":ad:","Andorra: 5.167 points","Poliesportiu d'Andorra",42.504833333,1.516638888
"Sarpsborg 08","Norway",2.375,29,8.2,":no:","Norway: 29 points","Sarpsborg Stadion",59.286217,11.097608
"SC Dnipro-1","Ukraine",1.8,29.5,6.1,":ua:","Ukraine: 29.5 points","Dnipro Arena",48.460333,35.032472
"SC Freiburg","Germany",1.875,81.732,2.3,":de:","Germany: 81.732 points","Dreisamstadion",47.988889,7.893056
"SC Gjilani","Kosovo",0.917,11.042,8.3,":xk:","Kosovo: 11.042 points","City Stadium",42.466667,21.464444
"Schalke 04","Germany",2.429,81.732,3,":de:","Germany: 81.732 points","Veltins Arena",51.554502777,7.067588888
"Sepsi OSK","Romania",0.5,20.5,2.4,":ro:","Romania: 20.5 points","Stadionul Municipal",45.86291667,25.77613889
"Servette FC","Switzerland",0.75,30.175,2.5,":ch:","Switzerland: 30.175 points","Stade de Genève",46.177778,6.1275
"Sevilla","Spain",13.143,90.857,14.5,":es:","Spain: 90.857 points","Ramón Sánchez Pizjuán Stadium",37.383878,-5.970467
"Sfântul Gheorghe","Moldova",0.375,12.25,3.1,":md:","Moldova: 12.25 points","Suruceni Stadium",46.9844,28.667
"Shakhtar Donetsk","Ukraine",13.7,29.5,46.4,":ua:","Ukraine: 29.5 points","Donbass Arena",48.020833,37.809722
"Shakhtior Saligorsk","Belarus",2.125,9.875,21.5,":by:","Belarus: 9.875 points","Stroitel Stadium",52.798611111,27.538194444
"Shakhtyor Karaganda","Kazakhstan",0.5,12.625,4,":kz:","Kazakhstan: 12.625 points","Shakhtyor Stadium",49.818618,73.075122
"Shamrock Rovers","Ireland",3.75,10.375,36.1,":ie:","Ireland: 10.375 points","Tallaght Stadium",53.2835,-6.37374
"Sheriff Tiraspol","Moldova",9.375,12.25,76.5,":md:","Moldova: 12.25 points","Sheriff Stadium",46.838333,29.5575
"Shirak Gyumri","Armenia",0.125,9.875,1.3,":am:","Armenia: 9.875 points","Gyumri City Stadium",40.785833,43.833333
"Shkendija Tetovo","North Macedonia",3,5.5,54.5,":mk:","North Macedonia: 5.5 points","Gradski stadion Tetovo",42.018692,20.978179
"Sigma Olomouc","Czech Republic",0.4,29.05,1.4,":cz:","Czech Republic: 29.05 points","Andruv stadion",49.6,17.248333
"Sileks Kratovo","North Macedonia",0.375,5.5,6.8,":mk:","North Macedonia: 5.5 points","Gradski stadion Kratovo",42.0808178,22.1610253
"Silkeborg IF","Denmark",0.9,27.825,3.2,":dk:","Denmark: 27.825 points","Silkeborg Stadion",56.15777778,9.55305556
"Sirens FC","Malta",0.125,8.25,1.5,":mt:","Malta: 8.25 points","Sirens Stadium",35.9453,14.4148
"Siroki Brijeg","Bosnia-Herzegovina",0.5,9.75,5.1,":ba:","Bosnia-Herzegovina: 9.75 points","Stadion Pecara",43.3787,17.598
"Sivasspor","Turkey",3.5,32.1,10.9,":tr:","Turkey: 32.1 points","Sivas 4 Eylül Stadium",39.728612,36.984065
"SJK Seinäjoki","Finland",0.25,10.25,2.4,":fi:","Finland: 10.25 points","OmaSp Stadion",62.778469444,22.815588888
"SK Brann Bergen","Norway",0.125,29,0.4,":no:","Norway: 29 points","Brann Stadion",60.366388888,5.356944444
"Slask Wroclaw","Poland",1.125,20.25,5.6,":pl:","Poland: 20.25 points","Stadion Miejski",51.141797,16.944094
"Slavia Praha","Czech Republic",13.525,29.05,46.6,":cz:","Czech Republic: 29.05 points","Sinobo Stadium",50.066944,14.471389
"Slavia Sofia","Bulgaria",0.625,20,3.1,":bg:","Bulgaria: 20 points","Ovcha Kupel Stadium",42.675361,23.272028
"Sligo Rovers","Ireland",1,10.375,9.6,":ie:","Ireland: 10.375 points","The Showgrounds",54.270042,-8.487233
"Slovan Bratislava","Slovakia",10.125,19.75,51.3,":sk:","Slovakia: 19.75 points","Štadión Pasienky",48.166111,17.141111
"Slovan Liberec","Czech Republic",1.9,29.05,6.5,":cz:","Czech Republic: 29.05 points","Stadion u Nisy",50.776214,15.049972
"SønderjyskE","Denmark",0.125,27.825,0.4,":dk:","Denmark: 27.825 points","Sydbank Park",55.261359,9.487791
"Sparta Praha","Czech Republic",2.425,29.05,8.3,":cz:","Czech Republic: 29.05 points","Letná Stadium",50.099716,14.416122
"Spartak Moscow","Russia",3.483,26.216,13.3,":ru:","Russia: 26.216 points","Otkrytie Bank Arena",55.8178,37.4403
"Spartak Subotica","Serbia",0.625,32.375,1.9,":rs:","Serbia: 32.375 points","Subotica City Stadium",46.081781,19.676958
"Spartak Trnava","Slovakia",4,19.75,20.3,":sk:","Slovakia: 19.75 points","Štadión Antona Malatinského",48.373333,17.591667
"Spartaks Jurmala","Latvia",0.75,10.625,7.1,":lv:","Latvia: 10.625 points","Sloka",56.9495911,23.6101985
"Speranta Nisporeni","Moldova",0,12.25,0,":md:","Moldova: 12.25 points","Stadionul Mircea Eliade",47.078931,28.180499
"Sporting Braga","Portugal",8.967,55.883,16,":pt:","Portugal: 55.883 points","Estádio Municipal de Braga",41.5624,-8.4308
"Sporting CP Lisbon","Portugal",9.733,55.883,17.4,":pt:","Portugal: 55.883 points","Estádio José Alvalade",38.761194444,-9.160783333
"St Joseph's FC","Gibraltar",1.5,5.792,25.9,":gi:","Gibraltar: 5.792 points","Victoria Stadium",36.149356,-5.350342
"St. Johnstone","Scotland",0.2,36.4,0.5,":gb-sct:","Scotland: 36.4 points","McDiarmid Park",56.409686,-3.476928
"St. Patrick's Athletic","Ireland",0.5,10.375,4.8,":ie:","Ireland: 10.375 points","Richmond Park",53.340922,-6.316619
"Stade de Reims","France",0.417,61,0.7,":fr:","France: 61 points","Stade Auguste Delaune",49.246667,4.025
"Stade Rennais","France",8,61,13.1,":fr:","France: 61 points","Roazhon Park",48.107472222,-1.712861111
"Standard Liège","Belgium",4.2,41.4,10.1,":be:","Belgium: 41.4 points","Stade Maurice Dufrasne",50.609908,5.543344
"Stjarnan FC","Iceland",0.625,7.25,8.6,":is:","Iceland: 7.25 points","Stjörnuvöllur",64.087423,-21.928865
"Stumbras Kaunas","Lithuania",0.25,10,2.5,":lt:","Lithuania: 10 points","Darius and Girenas Stadium",54.897222,23.936944
"Sturm Graz","Austria",2.2,34,6.5,":at:","Austria: 34 points","Merkur Arena",47.046111,15.454444
"Suduva Marijampole","Lithuania",3.125,10,31.2,":lt:","Lithuania: 10 points","ARVI Football Arena",54.574547,23.365392
"Sumgayit FK","Azerbaijan",0.25,16.625,1.5,":az:","Azerbaijan: 16.625 points","Mehdi Huseynzade Stadium",40.601389,49.674722
"Sutjeska Niksic","Montenegro",1.125,4.75,23.7,":me:","Montenegro: 4.75 points","Gradski stadion",42.784947,18.953731
"Swift Hesperange","Luxembourg",0.125,9,1.4,":lu:","Luxembourg: 9 points","Stade Alphonse Theis",49.575353,6.158297
"Teuta Durrës","Albania",1,6.25,16,":al:","Albania: 6.25 points","Niko Dovana Stadium",41.32583333,19.44944444
"The New Saints","Wales",3.25,6.167,52.7,":gb-wls:","Wales: 6.167 points","Park Hall",52.8759,-3.02631
"Tobol Kustanai","Kazakhstan",2,12.625,15.8,":kz:","Kazakhstan: 12.625 points","Kostanay Central Stadium",53.225974,63.636578
"Torino","Italy",0.5,77.214,0.6,":it:","Italy: 77.214 points","Stadio Olimpico Grande Torino",45.041667,7.65
"Torpedo Kutaisi","Georgia",1,8,12.5,":ge:","Georgia: 8 points","Ramaz Shengelia Stadium",42.255141666,42.683086111
"Torpedo Zhodino","Belarus",0,9.875,0,":by:","Belarus: 9.875 points","Torpedo Stadium",54.092361111,28.319722222
"Tottenham Hotspur","England",12.214,106.429,11.5,":gb-eng:","England: 106.429 points","Tottenham Hotspur Stadium",51.604444444,-0.066388888
"Trabzonspor","Turkey",2.6,32.1,8.1,":tr:","Turkey: 32.1 points","Senol Günes Stadium",40.9987,39.6463
"Trans Narva","Estonia",0,7.583,0,":ee:","Estonia: 7.583 points","Narva Kreenholmi Stadium",59.36347,28.18465
"Tre Fiori","San Marino",1.333,2,66.7,":sm:","San Marino: 2 points","Stadio Olimpico",43.97125,12.476972
"Tre Penne","San Marino",0.167,2,8.3,":sm:","San Marino: 2 points","Stadio Fonte dell'Ovo",43.9296,12.4427
"TSC Backa Topola","Serbia",0.625,32.375,1.9,":rs:","Serbia: 32.375 points","Stadion Slavko Maletin Vava",45.240278,19.381667
"TSV Hartberg","Austria",0.1,34,0.3,":at:","Austria: 34 points","Stadion Hartberg",47.281,15.9772
"Tuzla City","Bosnia-Herzegovina",0.5,9.75,5.1,":ba:","Bosnia-Herzegovina: 9.75 points","Tušanj City Stadium",44.54172,18.661528
"UE Engordany","Andorra",1.333,5.167,25.8,":ad:","Andorra: 5.167 points","Estadi Comunal d'Aixovall",42.476389,1.487667
"UE Santa Coloma","Andorra",0,5.167,0,":ad:","Andorra: 5.167 points","Estadi Comunal d'Aixovall",42.476389,1.487667
"Újpest TE","Hungary",0.75,20.625,3.6,":hu:","Hungary: 20.625 points","Ferenc Szusza Stadium",47.574892,19.08465
"Union Berlin","Germany",2.804,81.732,3.4,":de:","Germany: 81.732 points","Stadion An der Alten Försterei",52.457222,13.568056
"Union Saint-Gilloise","Belgium",3.8,41.4,9.2,":be:","Belgium: 41.4 points","Stade Joseph Marien - Joseph Marienstadion",50.8178,4.32917
"Union Titus Pétange","Luxembourg",0.125,9,1.4,":lu:","Luxembourg: 9 points","Stade Municipal, Pétange",49.557211111,5.856486111
"Universitatea Craiova","Romania",2.125,20.5,10.4,":ro:","Romania: 20.5 points","Stadionul Ion Oblemenco",44.313889,23.784167
"Urartu FC","Armenia",0,9.875,0,":am:","Armenia: 9.875 points","Urartu Stadium",40.171426,44.449938
"Valencia","Spain",5.714,90.857,6.3,":es:","Spain: 90.857 points","Mestalla Stadium",39.466667,-0.375
"Vålerengens IF","Norway",0.25,29,0.9,":no:","Norway: 29 points","Mjörnvallen Idrottsplats",57.930595168,12.504277315
"Valletta FC","Malta",0.875,8.25,10.6,":mt:","Malta: 8.25 points","Ta' Qali National Stadium",35.894863888,14.415372222
"Valmieras FK","Latvia",0.25,10.625,2.4,":lv:","Latvia: 10.625 points","Örjans Vall",56.684166666,12.866388888
"Valur Reykjavik","Iceland",0.875,7.25,12.1,":is:","Iceland: 7.25 points","KR-völlur",64.145683,-21.967728
"Vardar Skopje","North Macedonia",0,5.5,0,":mk:","North Macedonia: 5.5 points","Toše Proeski Arena",42.005733,21.425592
"Velez Mostar","Bosnia-Herzegovina",0.875,9.75,9,":ba:","Bosnia-Herzegovina: 9.75 points","Stadion pod Bijelim Brijegom",43.345556,17.795278
"VfL Wolfsburg","Germany",3.357,81.732,4.1,":de:","Germany: 81.732 points","Volkswagen Arena",52.431944,10.803889
"Viborg FF","Denmark",0.8,27.825,2.9,":dk:","Denmark: 27.825 points","Evergi Viborg Arena",56.455897,9.402064
"Videoton Fehérvár","Hungary",2.375,20.625,11.5,":hu:","Hungary: 20.625 points","Sóstói Stadion",47.17369444,18.41536111
"Viitorul Constanta","Romania",0.75,20.5,3.7,":ro:","Romania: 20.5 points","Viitorul Stadium",44.26388889,28.55583333
"Viking Stavanger","Norway",1,29,3.4,":no:","Norway: 29 points","Viking Stadion",58.914611,5.730442
"Víkingur","Faroe Islands",0.5,8.75,5.7,":fo:","Faroe Islands: 8.75 points","Víkingsvöllur",64.117222,-21.852778
"Vikingur Reykjavik","Iceland",1.792,7.25,24.7,":is:","Iceland: 7.25 points","KR-völlur",64.145683,-21.967728
"Viktoria Plzen","Czech Republic",6.175,29.05,21.3,":cz:","Czech Republic: 29.05 points","Doosan Arena",49.75,13.385556
"Villarreal","Spain",12,90.857,13.2,":es:","Spain: 90.857 points","Estadio de la Cerámica",39.944167,-0.103611
"Vitesse Arnhem","Netherlands",3.1,58.9,5.3,":nl:","Netherlands: 58.9 points","GelreDome",51.9625,5.893056
"Vitória Guimarães","Portugal",2.317,55.883,4.1,":pt:","Portugal: 55.883 points","Afonso Henriques Stadium",41.445833,-8.301111
"Vllaznia Shkodër","Albania",0.375,6.25,6,":al:","Albania: 6.25 points","Loro Boriçi Stadium",42.070031,19.506558
"Vojvodina Novi Sad","Serbia",0.625,32.375,1.9,":rs:","Serbia: 32.375 points","Detelinara Stadium",44.765156,20.472153
"Vorskla Poltava","Ukraine",0.7,29.5,2.4,":ua:","Ukraine: 29.5 points","Oleksiy Butovskyi Vorskla Stadium",49.594833,34.549444
"West Ham United","England",5.857,106.429,5.5,":gb-eng:","England: 106.429 points","London Stadium",51.538611111,-0.016388888
"Willem II Tilburg","Netherlands",0.4,58.9,0.7,":nl:","Netherlands: 58.9 points","Koning Willem II Stadion",51.542778,5.066944
"Wolfsberger AC","Austria",2.7,34,7.9,":at:","Austria: 34 points","Lavanttal-Arena",46.8253,14.8514
"Wolverhampton Wanderers","England",3.143,106.429,3,":gb-eng:","England: 106.429 points","Molineux Stadium",52.590277777,-2.130277777
"Yeni Malatyaspor","Turkey",0.5,32.1,1.6,":tr:","Turkey: 32.1 points","Malatya Inönü Stadium",38.352178,38.330494
"Young Boys","Switzerland",11.225,30.175,37.2,":ch:","Switzerland: 30.175 points","Stadion Wankdorf",46.962778,7.465
"Zalgiris Vilnius","Lithuania",4.25,10,42.5,":lt:","Lithuania: 10 points","LFF Stadium",54.668611,25.294444
"Zaria Balti","Moldova",0.125,12.25,1,":md:","Moldova: 12.25 points","Stadionul Olimpia Balti",47.7665319,27.9286784
"Zeljeznicar Sarajevo","Bosnia-Herzegovina",0.625,9.75,6.4,":ba:","Bosnia-Herzegovina: 9.75 points","Stadion Grbavica",43.846667,18.387222
"Zenit St. Petersburg","Russia",6.133,26.216,23.4,":ru:","Russia: 26.216 points","Gazprom Arena",59.972953,30.220533
"Zeta Golubovci","Montenegro",0.625,4.75,13.2,":me:","Montenegro: 4.75 points","Stadion Trešnjica",42.328611,19.240556
"Zira FK","Azerbaijan",0.125,16.625,0.8,":az:","Azerbaijan: 16.625 points","Zira Olympic Sport Complex Stadium",40.35892,50.29311
"Zorya Luhansk","Ukraine",3.1,29.5,10.5,":ua:","Ukraine: 29.5 points","Avanhard Stadium",48.559444,39.321111
"Zrinjski Mostar","Bosnia-Herzegovina",4,9.75,41,":ba:","Bosnia-Herzegovina: 9.75 points","Stadion pod Bijelim Brijegom",43.345556,17.795278
