"country","team","overall_points_team","overall_points_country","percentage","flag","text"
"Spain","Espanyol",2.21428571428571,201.142857142857,0.0110085227272727,":es:","Spain: 201.143 points"
"Spain","Málaga CF",3.35714285714286,201.142857142857,0.0166903409090909,":es:","Spain: 201.143 points"
"Spain","Getafe",1.57142857142857,201.142857142857,0.0078125,":es:","Spain: 201.143 points"
"Spain","Valencia",13.7142857142857,201.142857142857,0.0681818181818182,":es:","Spain: 201.143 points"
"Spain","FC Barcelona",35.4285714285714,201.142857142857,0.176136363636364,":es:","Spain: 201.143 points"
"Spain","Sevilla",28.0714285714286,201.142857142857,0.139559659090909,":es:","Spain: 201.143 points"
"Spain","Real Sociedad",5.28571428571429,201.142857142857,0.0262784090909091,":es:","Spain: 201.143 points"
"Spain","Real Madrid",40,201.142857142857,0.198863636363636,":es:","Spain: 201.143 points"
"Spain","Villarreal",17.7142857142857,201.142857142857,0.0880681818181818,":es:","Spain: 201.143 points"
"Spain","Athletic Bilbao",8.57142857142857,201.142857142857,0.0426136363636364,":es:","Spain: 201.143 points"
"Spain","Real Betis",5.42857142857143,201.142857142857,0.0269886363636364,":es:","Spain: 201.143 points"
"Spain","Levante UD",2.14285714285714,201.142857142857,0.0106534090909091,":es:","Spain: 201.143 points"
"Spain","Granada CF",2.5,201.142857142857,0.0124289772727273,":es:","Spain: 201.143 points"
"Spain","Celta de Vigo",2.71428571428571,201.142857142857,0.0134943181818182,":es:","Spain: 201.143 points"
"Spain","Atlético Madrid",32.4285714285714,201.142857142857,0.161221590909091,":es:","Spain: 201.143 points"
"England","Chelsea",30.25,182.607142857143,0.165656170545668,":gb-eng:","England: 182.607 points"
"England","Everton",2.92857142857143,182.607142857143,0.0160375513397223,":gb-eng:","England: 182.607 points"
"England","Arsenal",24.5178571428571,182.607142857143,0.134265597496577,":gb-eng:","England: 182.607 points"
"England","Leicester City",7,182.607142857143,0.038333659299824,":gb-eng:","England: 182.607 points"
"England","Hull City",0.357142857142857,182.607142857143,0.00195579894386857,":gb-eng:","England: 182.607 points"
"England","Manchester City",31.1071428571429,182.607142857143,0.170350088010952,":gb-eng:","England: 182.607 points"
"England","Wigan Athletic",0.571428571428571,182.607142857143,0.00312927831018971,":gb-eng:","England: 182.607 points"
"England","Wolverhampton Wanderers",3.14285714285714,182.607142857143,0.0172110307060434,":gb-eng:","England: 182.607 points"
"England","Swansea City",1.35714285714286,182.607142857143,0.00743203598670057,":gb-eng:","England: 182.607 points"
"England","Tottenham Hotspur",21.8571428571429,182.607142857143,0.119694895364756,":gb-eng:","England: 182.607 points"
"England","Liverpool",25.3928571428571,182.607142857143,0.139057304909055,":gb-eng:","England: 182.607 points"
"England","West Ham United",3.65178571428571,182.607142857143,0.0199980442010561,":gb-eng:","England: 182.607 points"
"England","Southampton FC",1.16964285714286,182.607142857143,0.00640524154116957,":gb-eng:","England: 182.607 points"
"England","Newcastle United",2.35714285714286,182.607142857143,0.0129082730295326,":gb-eng:","England: 182.607 points"
"England","Manchester United",26.4464285714286,182.607142857143,0.144826911793468,":gb-eng:","England: 182.607 points"
"England","Burnley FC",0.5,182.607142857143,0.002738118521416,":gb-eng:","England: 182.607 points"
"Germany","1.FC Köln",0.571428571428571,154.714285714286,0.00369344413665743,":de:","Germany: 154.714 points"
"Germany","Union Berlin",0.928571428571429,154.714285714286,0.00600184672206833,":de:","Germany: 154.714 points"
"Germany","1899 Hoffenheim",3.28571428571429,154.714285714286,0.0212373037857802,":de:","Germany: 154.714 points"
"Germany","VfL Wolfsburg",9.07142857142857,154.714285714286,0.0586334256694367,":de:","Germany: 154.714 points"
"Germany","Borussia Dortmund",27.4285714285714,154.714285714286,0.177285318559557,":de:","Germany: 154.714 points"
"Germany","Hertha BSC",0.714285714285714,154.714285714286,0.00461680517082179,":de:","Germany: 154.714 points"
"Germany","Bayer Leverkusen",18.7142857142857,154.714285714286,0.120960295475531,":de:","Germany: 154.714 points"
"Germany","Schalke 04",14.2142857142857,154.714285714286,0.0918744228993536,":de:","Germany: 154.714 points"
"Germany","RB Leipzig",12.9285714285714,154.714285714286,0.0835641735918744,":de:","Germany: 154.714 points"
"Germany","Hannover 96",2,154.714285714286,0.012927054478301,":de:","Germany: 154.714 points"
"Germany","FSV Mainz 05",1.14285714285714,154.714285714286,0.00738688827331486,":de:","Germany: 154.714 points"
"Germany","Eintracht Frankfurt",11.4285714285714,154.714285714286,0.0738688827331487,":de:","Germany: 154.714 points"
"Germany","Bayern München",39.5714285714286,154.714285714286,0.255771006463527,":de:","Germany: 154.714 points"
"Germany","VfB Stuttgart",1.71428571428571,154.714285714286,0.0110803324099723,":de:","Germany: 154.714 points"
"Germany","FC Augsburg",1,154.714285714286,0.00646352723915051,":de:","Germany: 154.714 points"
"Germany","SC Freiburg",0.857142857142857,154.714285714286,0.00554016620498615,":de:","Germany: 154.714 points"
"Germany","Borussia Mönchengladbach",9.14285714285714,154.714285714286,0.0590951061865189,":de:","Germany: 154.714 points"
"Italy","Internazionale",15.3214285714286,150.238095238095,0.101980982567353,":it:","Italy: 150.238 points"
"Italy","Atalanta",10.6190476190476,150.238095238095,0.0706814580031696,":it:","Italy: 150.238 points"
"Italy","AC Milan",12.702380952381,150.238095238095,0.0845483359746434,":it:","Italy: 150.238 points"
"Italy","Torino",3.25,150.238095238095,0.0216323296354992,":it:","Italy: 150.238 points"
"Italy","AS Roma",21.75,150.238095238095,0.144770206022187,":it:","Italy: 150.238 points"
"Italy","Sassuolo",1.16666666666667,150.238095238095,0.00776545166402536,":it:","Italy: 150.238 points"
"Italy","Sampdoria",0.166666666666667,150.238095238095,0.00110935023771791,":it:","Italy: 150.238 points"
"Italy","Lazio",15.6190476190476,150.238095238095,0.103961965134707,":it:","Italy: 150.238 points"
"Italy","Napoli",22.5595238095238,150.238095238095,0.150158478605388,":it:","Italy: 150.238 points"
"Italy","Fiorentina",9.16666666666667,150.238095238095,0.0610142630744849,":it:","Italy: 150.238 points"
"Italy","Udinese",1.08333333333333,150.238095238095,0.0072107765451664,":it:","Italy: 150.238 points"
"Italy","Juventus",36.8333333333333,150.238095238095,0.245166402535658,":it:","Italy: 150.238 points"
"France","OGC Nice",2.33333333333333,116.75,0.0199857244825125,":fr:","France: 116.75 points"
"France","AS Monaco",14.25,116.75,0.122055674518201,":fr:","France: 116.75 points"
"France","AS Saint-Étienne",5.91666666666667,116.75,0.0506780870806567,":fr:","France: 116.75 points"
"France","Stade Rennais",5.83333333333333,116.75,0.0499643112062812,":fr:","France: 116.75 points"
"France","Girondins Bordeaux",5.66666666666667,116.75,0.0485367594575303,":fr:","France: 116.75 points"
"France","Paris Saint-Germain",37.8333333333333,116.75,0.324054246966453,":fr:","France: 116.75 points"
"France","Lille OSC",7.16666666666667,116.75,0.0613847251962884,":fr:","France: 116.75 points"
"France","Montpellier",1,116.75,0.00856531049250535,":fr:","France: 116.75 points"
"France","RC Strasbourg",0.666666666666667,116.75,0.00571020699500357,":fr:","France: 116.75 points"
"France","Olympique Lyonnais",22.6666666666667,116.75,0.194147037830121,":fr:","France: 116.75 points"
"France","Olympique Marseille",11.5,116.75,0.0985010706638116,":fr:","France: 116.75 points"
"France","Stade de Reims",0.416666666666667,116.75,0.00356887937187723,":fr:","France: 116.75 points"
"France","En Avant Guingamp",1.5,116.75,0.012847965738758,":fr:","France: 116.75 points"
"Portugal","Maritimo Funchal",1.66666666666667,102.716666666667,0.0162258640272595,":pt:","Portugal: 102.717 points"
"Portugal","Nacional Funchal",0,102.716666666667,0,":pt:","Portugal: 102.717 points"
"Portugal","Paços de Ferreira",0.833333333333333,102.716666666667,0.00811293201362973,":pt:","Portugal: 102.717 points"
"Portugal","FC Arouca",0.166666666666667,102.716666666667,0.00162258640272595,":pt:","Portugal: 102.717 points"
"Portugal","Vitória Guimarães",3.23333333333333,102.716666666667,0.0314781762128833,":pt:","Portugal: 102.717 points"
"Portugal","Sporting CP Lisbon",15.0666666666667,102.716666666667,0.146681810806425,":pt:","Portugal: 102.717 points"
"Portugal","Rio Ave",1.88333333333333,102.716666666667,0.0183352263508032,":pt:","Portugal: 102.717 points"
"Portugal","Estoril Praia",1.75,102.716666666667,0.0170371572286224,":pt:","Portugal: 102.717 points"
"Portugal","Académica Coimbra",0.666666666666667,102.716666666667,0.00649034561090378,":pt:","Portugal: 102.717 points"
"Portugal","Sporting Braga",14.55,102.716666666667,0.141651792957975,":pt:","Portugal: 102.717 points"
"Portugal","Benfica",29.6833333333333,102.716666666667,0.288982638325491,":pt:","Portugal: 102.717 points"
"Portugal","CD Santa Clara",0.833333333333333,102.716666666667,0.00811293201362973,":pt:","Portugal: 102.717 points"
"Portugal","CF Os Belenenses",1.16666666666667,102.716666666667,0.0113581048190816,":pt:","Portugal: 102.717 points"
"Portugal","FC Porto",31.2166666666667,102.716666666667,0.303910433230569,":pt:","Portugal: 102.717 points"
"Russia","FC Sochi",0.6,89.3496666666667,0.0067151901331473,":ru:","Russia: 89.35 points"
"Russia","Anzhi Makhachkala",4.5,89.3496666666667,0.0503639259986047,":ru:","Russia: 89.35 points"
"Russia","Zenit St. Petersburg",24.3666666666667,89.3496666666667,0.272711332629482,":ru:","Russia: 89.35 points"
"Russia","Arsenal Tula",0,89.3496666666667,0,":ru:","Russia: 89.35 points"
"Russia","Kuban Krasnodar",1.5,89.3496666666667,0.0167879753328682,":ru:","Russia: 89.35 points"
"Russia","FK Krasnodar",11.6333333333333,89.3496666666667,0.130200075359356,":ru:","Russia: 89.35 points"
"Russia","CSKA Moscow",12.6666666666667,89.3496666666667,0.14176512503311,":ru:","Russia: 89.35 points"
"Russia","FC Ufa",0.5,89.3496666666667,0.00559599177762275,":ru:","Russia: 89.35 points"
"Russia","Rubin Kazan",7.53333333333333,89.3496666666667,0.0843129427828494,":ru:","Russia: 89.35 points"
"Russia","Lokomotiv Moscow",7.85,89.3496666666667,0.0878570709086771,":ru:","Russia: 89.35 points"
"Russia","Dinamo Moscow",3.58333333333333,89.3496666666667,0.0401046077396297,":ru:","Russia: 89.35 points"
"Russia","FK Rostov",3.16666666666667,89.3496666666667,0.0354412812582774,":ru:","Russia: 89.35 points"
"Russia","Spartak Moscow",7.11666666666667,89.3496666666667,0.0796496163014971,":ru:","Russia: 89.35 points"
"Netherlands","PSV Eindhoven",17.9166666666667,80.3642857142857,0.222943145794448,":nl:","Netherlands: 80.364 points"
"Netherlands","Vitesse Arnhem",4.19761904761905,80.3642857142857,0.0522323941575564,":nl:","Netherlands: 80.364 points"
"Netherlands","FC Groningen",0.416666666666667,80.3642857142857,0.00518472432080111,":nl:","Netherlands: 80.364 points"
"Netherlands","FC Utrecht",0.883333333333333,80.3642857142857,0.0109916155600984,":nl:","Netherlands: 80.364 points"
"Netherlands","PEC Zwolle",0.0833333333333333,80.3642857142857,0.00103694486416022,":nl:","Netherlands: 80.364 points"
"Netherlands","AZ Alkmaar",12.8333333333333,80.3642857142857,0.159689509080674,":nl:","Netherlands: 80.364 points"
"Netherlands","Heracles Almelo",0.2,80.3642857142857,0.00248866767398453,":nl:","Netherlands: 80.364 points"
"Netherlands","Feyenoord",12.1214285714286,80.3642857142857,0.150831037241134,":nl:","Netherlands: 80.364 points"
"Netherlands","Ajax",29.4190476190476,80.3642857142857,0.366071164044678,":nl:","Netherlands: 80.364 points"
"Netherlands","FC Twente Enschede",1.66666666666667,80.3642857142857,0.0207388972832045,":nl:","Netherlands: 80.364 points"
"Netherlands","Go Ahead Eagles",0.0833333333333333,80.3642857142857,0.00103694486416022,":nl:","Netherlands: 80.364 points"
"Netherlands","Heerenveen",0.142857142857143,80.3642857142857,0.00177761976713181,":nl:","Netherlands: 80.364 points"
"Netherlands","Willem II Tilburg",0.4,80.3642857142857,0.00497733534796907,":nl:","Netherlands: 80.364 points"
"Ukraine","Dynamo Kyiv",22.0333333333333,74.4333333333333,0.296014330497089,":ua:","Ukraine: 74.433 points"
"Ukraine","Arsenal Kiev",0.166666666666667,74.4333333333333,0.00223914017017465,":ua:","Ukraine: 74.433 points"
"Ukraine","Desna Chernihiv",0.1,74.4333333333333,0.00134348410210479,":ua:","Ukraine: 74.433 points"
"Ukraine","Vorskla Poltava",0.8,74.4333333333333,0.0107478728168383,":ua:","Ukraine: 74.433 points"
"Ukraine","Chernomorets Odesa",2,74.4333333333333,0.0268696820420958,":ua:","Ukraine: 74.433 points"
"Ukraine","Zorya Luhansk",5.16666666666667,74.4333333333333,0.0694133452754142,":ua:","Ukraine: 74.433 points"
"Ukraine","Olimpik Donetsk",0.1,74.4333333333333,0.00134348410210479,":ua:","Ukraine: 74.433 points"
"Ukraine","Metalurg Donetsk",0.583333333333333,74.4333333333333,0.00783699059561128,":ua:","Ukraine: 74.433 points"
"Ukraine","FC Mariupol",0.4,74.4333333333333,0.00537393640841917,":ua:","Ukraine: 74.433 points"
"Ukraine","Dnipro Dnipropetrovsk",8.58333333333333,74.4333333333333,0.115315718763995,":ua:","Ukraine: 74.433 points"
"Ukraine","FC Oleksandriya",1,74.4333333333333,0.0134348410210479,":ua:","Ukraine: 74.433 points"
"Ukraine","Kolos Kovalivka",0.6,74.4333333333333,0.00806090461262875,":ua:","Ukraine: 74.433 points"
"Ukraine","Metalist Kharkiv",2.5,74.4333333333333,0.0335871025526198,":ua:","Ukraine: 74.433 points"
"Ukraine","Shakhtar Donetsk",30.4,74.4333333333333,0.408419167039857,":ua:","Ukraine: 74.433 points"
"Belgium","Standard Liège",8.3,73,0.113698630136986,":be:","Belgium: 73 points"
"Belgium","Royal Antwerp",2.9,73,0.0397260273972603,":be:","Belgium: 73 points"
"Belgium","Club Brugge",15.9,73,0.217808219178082,":be:","Belgium: 73 points"
"Belgium","Zulte Waregem",2.8,73,0.0383561643835616,":be:","Belgium: 73 points"
"Belgium","AA Gent",12.9,73,0.176712328767123,":be:","Belgium: 73 points"
"Belgium","KSC Lokeren",1.8,73,0.0246575342465753,":be:","Belgium: 73 points"
"Belgium","Racing Genk",14.1,73,0.193150684931507,":be:","Belgium: 73 points"
"Belgium","Charleroi",0.8,73,0.010958904109589,":be:","Belgium: 73 points"
"Belgium","KV Oostende",0.1,73,0.00136986301369863,":be:","Belgium: 73 points"
"Belgium","Anderlecht",13.4,73,0.183561643835616,":be:","Belgium: 73 points"
"Turkey","Besiktas",15.5,66.3,0.233785822021116,":tr:","Turkey: 66.3 points"
"Turkey","Fenerbahçe",14,66.3,0.211161387631976,":tr:","Turkey: 66.3 points"
"Turkey","Osmanlispor",2.7,66.3,0.0407239819004525,":tr:","Turkey: 66.3 points"
"Turkey","Karabükspor",0.4,66.3,0.00603318250377074,":tr:","Turkey: 66.3 points"
"Turkey","Istanbul Basaksehir",5.3,66.3,0.0799396681749623,":tr:","Turkey: 66.3 points"
"Turkey","Konyaspor",1.2,66.3,0.0180995475113122,":tr:","Turkey: 66.3 points"
"Turkey","Galatasaray",17.4,66.3,0.262443438914027,":tr:","Turkey: 66.3 points"
"Turkey","Trabzonspor",6.4,66.3,0.0965309200603318,":tr:","Turkey: 66.3 points"
"Turkey","Eskisehirspor",0.4,66.3,0.00603318250377074,":tr:","Turkey: 66.3 points"
"Turkey","Sivasspor",1.5,66.3,0.0226244343891403,":tr:","Turkey: 66.3 points"
"Turkey","Alanyaspor",0.1,66.3,0.00150829562594268,":tr:","Turkey: 66.3 points"
"Turkey","Bursaspor",0.7,66.3,0.0105580693815988,":tr:","Turkey: 66.3 points"
"Turkey","Yeni Malatyaspor",0.5,66.3,0.00754147812971342,":tr:","Turkey: 66.3 points"
"Turkey","Akhisarspor",0.2,66.3,0.00301659125188537,":tr:","Turkey: 66.3 points"
"Austria","St. Pölten",0.25,64.2,0.00389408099688474,":at:","Austria: 64.2 points"
"Austria","LASK Linz",0.6,64.2,0.00934579439252336,":at:","Austria: 64.2 points"
"Austria","Austria Wien",6.075,64.2,0.0946261682242991,":at:","Austria: 64.2 points"
"Austria","FC Salzburg",28.075,64.2,0.437305295950156,":at:","Austria: 64.2 points"
"Austria","Sturm Graz",1.575,64.2,0.0245327102803738,":at:","Austria: 64.2 points"
"Austria","LASK",8.5,64.2,0.132398753894081,":at:","Austria: 64.2 points"
"Austria","Admira Wacker",1.375,64.2,0.021417445482866,":at:","Austria: 64.2 points"
"Austria","SV Grödig",0.5,64.2,0.00778816199376947,":at:","Austria: 64.2 points"
"Austria","Rapid Wien",12.3,64.2,0.191588785046729,":at:","Austria: 64.2 points"
"Austria","SCR Altach",1.75,64.2,0.0272585669781931,":at:","Austria: 64.2 points"
"Austria","Wolfsberger AC",2.6,64.2,0.0404984423676012,":at:","Austria: 64.2 points"
"Austria","FC Pasching",0,64.2,0,":at:","Austria: 64.2 points"
"Austria","SV Ried",0.5,64.2,0.00778816199376947,":at:","Austria: 64.2 points"
"Austria","TSV Hartberg",0.1,64.2,0.00155763239875389,":at:","Austria: 64.2 points"
"Switzerland","FC Zürich",3.8,61.75,0.0615384615384615,":ch:","Switzerland: 61.75 points"
"Switzerland","FC Sankt Gallen",1.425,61.75,0.0230769230769231,":ch:","Switzerland: 61.75 points"
"Switzerland","FC Lugano",1.8,61.75,0.0291497975708502,":ch:","Switzerland: 61.75 points"
"Switzerland","FC Sion",1.7,61.75,0.0275303643724696,":ch:","Switzerland: 61.75 points"
"Switzerland","Grasshoppers Zürich",0.9,61.75,0.0145748987854251,":ch:","Switzerland: 61.75 points"
"Switzerland","FC Basel",30.1,61.75,0.487449392712551,":ch:","Switzerland: 61.75 points"
"Switzerland","Servette FC Genève",1.5,61.75,0.0242914979757085,":ch:","Switzerland: 61.75 points"
"Switzerland","Young Boys",17.375,61.75,0.281376518218623,":ch:","Switzerland: 61.75 points"
"Switzerland","FC Thun",2,61.75,0.0323886639676113,":ch:","Switzerland: 61.75 points"
"Switzerland","FC Luzern",1.15,61.75,0.0186234817813765,":ch:","Switzerland: 61.75 points"
"Czech Republic","FC Zlin",0.4,60.975,0.00656006560065601,":cz:","Czech Republic: 60.975 points"
"Czech Republic","FK Jablonec",3.2,60.975,0.0524805248052481,":cz:","Czech Republic: 60.975 points"
"Czech Republic","Mladá Boleslav",2.4,60.975,0.039360393603936,":cz:","Czech Republic: 60.975 points"
"Czech Republic","1.FC Slovácko",0.2,60.975,0.003280032800328,":cz:","Czech Republic: 60.975 points"
"Czech Republic","Slovan Liberec",9.225,60.975,0.151291512915129,":cz:","Czech Republic: 60.975 points"
"Czech Republic","Sigma Olomouc",0.4,60.975,0.00656006560065601,":cz:","Czech Republic: 60.975 points"
"Czech Republic","Sparta Praha",13.925,60.975,0.228372283722837,":cz:","Czech Republic: 60.975 points"
"Czech Republic","Viktoria Plzen",18.425,60.975,0.302173021730217,":cz:","Czech Republic: 60.975 points"
"Czech Republic","Slavia Praha",12.8,60.975,0.209922099220992,":cz:","Czech Republic: 60.975 points"
"Greece","AEK Athens",5.35,56.1,0.0953654188948306,":gr:","Greece: 56.1 points"
"Greece","Panionios",0.4,56.1,0.0071301247771836,":gr:","Greece: 56.1 points"
"Greece","OFI Heraklion",0.1,56.1,0.0017825311942959,":gr:","Greece: 56.1 points"
"Greece","Aris Thessaloniki",0.85,56.1,0.0151515151515152,":gr:","Greece: 56.1 points"
"Greece","Panathinaikos",3.9,56.1,0.0695187165775401,":gr:","Greece: 56.1 points"
"Greece","Xanthi FC",0.2,56.1,0.0035650623885918,":gr:","Greece: 56.1 points"
"Greece","Asteras Tripolis",2.9,56.1,0.0516934046345811,":gr:","Greece: 56.1 points"
"Greece","Atromitos FC",1.5,56.1,0.0267379679144385,":gr:","Greece: 56.1 points"
"Greece","PAOK Thessaloniki",15.875,56.1,0.282976827094474,":gr:","Greece: 56.1 points"
"Greece","PAS Giannina",0.2,56.1,0.0035650623885918,":gr:","Greece: 56.1 points"
"Greece","Olympiakos Piraeus",24.825,56.1,0.442513368983957,":gr:","Greece: 56.1 points"
"Scotland","St. Johnstone",1.55,55.825,0.0277653381101657,":gb-sct:","Scotland: 55.825 points"
"Scotland","Kilmarnock",0.25,55.825,0.00447828034034931,":gb-sct:","Scotland: 55.825 points"
"Scotland","Inverness CT",0.125,55.825,0.00223914017017465,":gb-sct:","Scotland: 55.825 points"
"Scotland","Celtic",27.775,55.825,0.497536945812808,":gb-sct:","Scotland: 55.825 points"
"Scotland","Dundee United",0.1,55.825,0.00179131213613972,":gb-sct:","Scotland: 55.825 points"
"Scotland","Hibernian",1.75,55.825,0.0313479623824451,":gb-sct:","Scotland: 55.825 points"
"Scotland","Rangers",17.075,55.825,0.305866547245858,":gb-sct:","Scotland: 55.825 points"
"Scotland","Hearts FC",0.725,55.825,0.012987012987013,":gb-sct:","Scotland: 55.825 points"
"Scotland","Aberdeen",5.6,55.825,0.100313479623824,":gb-sct:","Scotland: 55.825 points"
"Scotland","Motherwell",0.875,55.825,0.0156739811912226,":gb-sct:","Scotland: 55.825 points"
"Croatia","NK Rijeka",10.325,52.4,0.197041984732824,":hr:","Croatia: 52.4 points"
"Croatia","NK Osijek",3.35,52.4,0.0639312977099237,":hr:","Croatia: 52.4 points"
"Croatia","Hajduk Split",6.275,52.4,0.119751908396947,":hr:","Croatia: 52.4 points"
"Croatia","Lokomotiva Zagreb",2.45,52.4,0.0467557251908397,":hr:","Croatia: 52.4 points"
"Croatia","Slaven Koprivnica",0.75,52.4,0.0143129770992366,":hr:","Croatia: 52.4 points"
"Croatia","RNK Split",1.25,52.4,0.0238549618320611,":hr:","Croatia: 52.4 points"
"Croatia","Dinamo Zagreb",28,52.4,0.534351145038168,":hr:","Croatia: 52.4 points"
"Denmark","AaB Aalborg",1.6,51.175,0.0312652662432829,":dk:","Denmark: 51.175 points"
"Denmark","SønderjyskE",1,51.175,0.0195407914020518,":dk:","Denmark: 51.175 points"
"Denmark","AC Horsens",0.4,51.175,0.00781631656082071,":dk:","Denmark: 51.175 points"
"Denmark","Randers FC",2.125,51.175,0.04152418172936,":dk:","Denmark: 51.175 points"
"Denmark","AGF Aarhus",0.6,51.175,0.0117244748412311,":dk:","Denmark: 51.175 points"
"Denmark","Brøndby IF",4.15,51.175,0.0810942843185149,":dk:","Denmark: 51.175 points"
"Denmark","FC København",24.2,51.175,0.472887151929653,":dk:","Denmark: 51.175 points"
"Denmark","FC Nordsjælland",2.1,51.175,0.0410356619443088,":dk:","Denmark: 51.175 points"
"Denmark","Lyngby BK",1,51.175,0.0195407914020518,":dk:","Denmark: 51.175 points"
"Denmark","FC Midtjylland",11.175,51.175,0.218368343917929,":dk:","Denmark: 51.175 points"
"Denmark","Esbjerg fB",2.825,51.175,0.0552027357107963,":dk:","Denmark: 51.175 points"
"Serbia","FK Jagodina",0.25,48.75,0.00512820512820513,":rs:","Serbia: 48.75 points"
"Serbia","Crvena zvezda",19.875,48.75,0.407692307692308,":rs:","Serbia: 48.75 points"
"Serbia","Radnicki Nis",0.75,48.75,0.0153846153846154,":rs:","Serbia: 48.75 points"
"Serbia","Partizan Belgrade",18,48.75,0.369230769230769,":rs:","Serbia: 48.75 points"
"Serbia","TSC Backa Topola",0.625,48.75,0.0128205128205128,":rs:","Serbia: 48.75 points"
"Serbia","Spartak Subotica",0.625,48.75,0.0128205128205128,":rs:","Serbia: 48.75 points"
"Serbia","Mladost Lucani",0,48.75,0,":rs:","Serbia: 48.75 points"
"Serbia","Vojvodina Novi Sad",5.625,48.75,0.115384615384615,":rs:","Serbia: 48.75 points"
"Serbia","Cukaricki Belgrade",3,48.75,0.0615384615384615,":rs:","Serbia: 48.75 points"
"Norway","Odd Grenland",2.875,45.575,0.0630828304991772,":no:","Norway: 45.575 points"
"Norway","Vålerengens IF",0.25,45.575,0.00548546352166758,":no:","Norway: 45.575 points"
"Norway","Bodø/Glimt",6.75,45.575,0.148107515085025,":no:","Norway: 45.575 points"
"Norway","FK Haugesund",2,45.575,0.0438837081733406,":no:","Norway: 45.575 points"
"Norway","Aalesunds FK",0.3,45.575,0.0065825562260011,":no:","Norway: 45.575 points"
"Norway","Sarpsborg 08",2.375,45.575,0.052111903455842,":no:","Norway: 45.575 points"
"Norway","Viking Stavanger",0.125,45.575,0.00274273176083379,":no:","Norway: 45.575 points"
"Norway","Stabæk IF",0.325,45.575,0.00713110257816786,":no:","Norway: 45.575 points"
"Norway","Molde FK",13.1,45.575,0.287438288535381,":no:","Norway: 45.575 points"
"Norway","IL Hødd",0.2,45.575,0.00438837081733406,":no:","Norway: 45.575 points"
"Norway","SK Brann Bergen",0.375,45.575,0.00822819528250137,":no:","Norway: 45.575 points"
"Norway","Rosenborg BK",13.425,45.575,0.294569391113549,":no:","Norway: 45.575 points"
"Norway","Tromsø IL",2.3,45.575,0.0504662643993417,":no:","Norway: 45.575 points"
"Norway","Strømsgodset IF",1.175,45.575,0.0257816785518376,":no:","Norway: 45.575 points"
"Norway","Lillestrøm SK",0,45.575,0,":no:","Norway: 45.575 points"
"Cyprus","Anorthosis Famagusta",3.25,44.925,0.0723427935447969,":cy:","Cyprus: 44.925 points"
"Cyprus","Apollon Limassol",9.45,44.925,0.210350584307179,":cy:","Cyprus: 44.925 points"
"Cyprus","AEK Larnaca",6.125,44.925,0.136338341680579,":cy:","Cyprus: 44.925 points"
"Cyprus","APOEL Nicosia",15.975,44.925,0.35559265442404,":cy:","Cyprus: 44.925 points"
"Cyprus","AEL Limassol",3.95,44.925,0.0879243183082916,":cy:","Cyprus: 44.925 points"
"Cyprus","Ermis Aradippou",0,44.925,0,":cy:","Cyprus: 44.925 points"
"Cyprus","Omonia Nicosia",6.175,44.925,0.137451307735114,":cy:","Cyprus: 44.925 points"
"Israel","Hapoel Tel-Aviv",2,43.75,0.0457142857142857,":il:","Israel: 43.75 points"
"Israel","Hapoel Ramat-Gan",0.125,43.75,0.00285714285714286,":il:","Israel: 43.75 points"
"Israel","MS Ashdod",0.125,43.75,0.00285714285714286,":il:","Israel: 43.75 points"
"Israel","Hapoel Kiryat Shmona",1.375,43.75,0.0314285714285714,":il:","Israel: 43.75 points"
"Israel","Bnei Yehuda",1.5,43.75,0.0342857142857143,":il:","Israel: 43.75 points"
"Israel","Hapoel Haifa",0.375,43.75,0.00857142857142857,":il:","Israel: 43.75 points"
"Israel","Hapoel Beer-Sheva",9.75,43.75,0.222857142857143,":il:","Israel: 43.75 points"
"Israel","Maccabi Haifa",6.5,43.75,0.148571428571429,":il:","Israel: 43.75 points"
"Israel","Maccabi Netanya",0.25,43.75,0.00571428571428571,":il:","Israel: 43.75 points"
"Israel","Maccabi Tel-Aviv",19.375,43.75,0.442857142857143,":il:","Israel: 43.75 points"
"Israel","Beitar Jerusalem",2.375,43.75,0.0542857142857143,":il:","Israel: 43.75 points"
"Sweden","Hammarby IF",1.5,42.6,0.0352112676056338,":se:","Sweden: 42.6 points"
"Sweden","BK Häcken",1.175,42.6,0.0275821596244131,":se:","Sweden: 42.6 points"
"Sweden","Helsingborg IF",1.625,42.6,0.0381455399061033,":se:","Sweden: 42.6 points"
"Sweden","AIK Stockholm",5.925,42.6,0.139084507042254,":se:","Sweden: 42.6 points"
"Sweden","Kalmar FF",1,42.6,0.0234741784037559,":se:","Sweden: 42.6 points"
"Sweden","IFK Norrköping",2.125,42.6,0.0498826291079812,":se:","Sweden: 42.6 points"
"Sweden","IF Elfsborg",5,42.6,0.117370892018779,":se:","Sweden: 42.6 points"
"Sweden","Malmö FF",16.075,42.6,0.377347417840376,":se:","Sweden: 42.6 points"
"Sweden","Östersunds FK",3.625,42.6,0.085093896713615,":se:","Sweden: 42.6 points"
"Sweden","IF Brommapojkarna",0.5,42.6,0.0117370892018779,":se:","Sweden: 42.6 points"
"Sweden","IFK Göteborg",2.7,42.6,0.0633802816901408,":se:","Sweden: 42.6 points"
"Sweden","Gefle IF",0.6,42.6,0.0140845070422535,":se:","Sweden: 42.6 points"
"Sweden","Djurgårdens IF",0.75,42.6,0.0176056338028169,":se:","Sweden: 42.6 points"
"Romania","ASA Tirgu Mures",0.25,41.5,0.00602409638554217,":ro:","Romania: 41.5 points"
"Romania","Astra Giurgiu",6.075,41.5,0.146385542168675,":ro:","Romania: 41.5 points"
"Romania","Viitorul Constanta",1.05,41.5,0.0253012048192771,":ro:","Romania: 41.5 points"
"Romania","Dinamo Bucuresti",0.1,41.5,0.00240963855421687,":ro:","Romania: 41.5 points"
"Romania","Rapid Bucuresti",0.6,41.5,0.0144578313253012,":ro:","Romania: 41.5 points"
"Romania","Pandurii Târgu Jiu",1.5,41.5,0.036144578313253,":ro:","Romania: 41.5 points"
"Romania","Sepsi OSK",0.25,41.5,0.00602409638554217,":ro:","Romania: 41.5 points"
"Romania","CSMS Iasi",0.1,41.5,0.00240963855421687,":ro:","Romania: 41.5 points"
"Romania","CFR Cluj",11.5,41.5,0.27710843373494,":ro:","Romania: 41.5 points"
"Romania","Universitatea Craiova",1.25,41.5,0.0301204819277108,":ro:","Romania: 41.5 points"
"Romania","FCSB",5.575,41.5,0.13433734939759,":ro:","Romania: 41.5 points"
"Romania","Steaua Bucuresti",10.175,41.5,0.245180722891566,":ro:","Romania: 41.5 points"
"Romania","FC Vaslui",0.2,41.5,0.00481927710843374,":ro:","Romania: 41.5 points"
"Romania","Petrolul Ploiesti",2,41.5,0.0481927710843374,":ro:","Romania: 41.5 points"
"Romania","FC Botosani",0.875,41.5,0.0210843373493976,":ro:","Romania: 41.5 points"
"Poland","Lech Poznan",7.75,35.625,0.217543859649123,":pl:","Poland: 35.625 points"
"Poland","Zaglebie Lubin",0.625,35.625,0.0175438596491228,":pl:","Poland: 35.625 points"
"Poland","Górnik Zabrze",0.375,35.625,0.0105263157894737,":pl:","Poland: 35.625 points"
"Poland","Lechia Gdansk",0.25,35.625,0.00701754385964912,":pl:","Poland: 35.625 points"
"Poland","Raków Czestochowa",0.875,35.625,0.0245614035087719,":pl:","Poland: 35.625 points"
"Poland","Jagiellonia Bialystok",1.625,35.625,0.0456140350877193,":pl:","Poland: 35.625 points"
"Poland","Pogon Szczecin",0.125,35.625,0.00350877192982456,":pl:","Poland: 35.625 points"
"Poland","Ruch Chorzow",1.25,35.625,0.0350877192982456,":pl:","Poland: 35.625 points"
"Poland","Zawisza Bydgoszcz",0,35.625,0,":pl:","Poland: 35.625 points"
"Poland","Slask Wroclaw",2.75,35.625,0.0771929824561404,":pl:","Poland: 35.625 points"
"Poland","Arka Gdynia",0.25,35.625,0.00701754385964912,":pl:","Poland: 35.625 points"
"Poland","Cracovia Kraków",0.375,35.625,0.0105263157894737,":pl:","Poland: 35.625 points"
"Poland","Legia Warsaw",17.875,35.625,0.501754385964912,":pl:","Poland: 35.625 points"
"Poland","Piast Gliwice",1.5,35.625,0.0421052631578947,":pl:","Poland: 35.625 points"
"Bulgaria","CSKA Sofia",5.625,35.375,0.159010600706714,":bg:","Bulgaria: 35.375 points"
"Bulgaria","Botev Plovdiv",2.875,35.375,0.0812720848056537,":bg:","Bulgaria: 35.375 points"
"Bulgaria","Dunav Ruse",0,35.375,0,":bg:","Bulgaria: 35.375 points"
"Bulgaria","Levski Sofia",1.75,35.375,0.049469964664311,":bg:","Bulgaria: 35.375 points"
"Bulgaria","FC Beroe Stara Zagora",1.25,35.375,0.0353356890459364,":bg:","Bulgaria: 35.375 points"
"Bulgaria","Cherno More Varna",0.125,35.375,0.00353356890459364,":bg:","Bulgaria: 35.375 points"
"Bulgaria","Litex Lovech",0.875,35.375,0.0247349823321555,":bg:","Bulgaria: 35.375 points"
"Bulgaria","Arda Kardzhali",0,35.375,0,":bg:","Bulgaria: 35.375 points"
"Bulgaria","Slavia Sofia",0.875,35.375,0.0247349823321555,":bg:","Bulgaria: 35.375 points"
"Bulgaria","Lokomotiv Plovdiv",1.25,35.375,0.0353356890459364,":bg:","Bulgaria: 35.375 points"
"Bulgaria","Ludogorets Razgrad",20.75,35.375,0.586572438162544,":bg:","Bulgaria: 35.375 points"
"Azerbaijan","Khazar Lenkoran",0.875,34.75,0.0251798561151079,":az:","Azerbaijan: 34.75 points"
"Azerbaijan","Neftchi Baku",5.625,34.75,0.161870503597122,":az:","Azerbaijan: 34.75 points"
"Azerbaijan","Qarabag FK",19.125,34.75,0.550359712230216,":az:","Azerbaijan: 34.75 points"
"Azerbaijan","FK Baku",0.125,34.75,0.00359712230215827,":az:","Azerbaijan: 34.75 points"
"Azerbaijan","Zira FK",0.625,34.75,0.0179856115107914,":az:","Azerbaijan: 34.75 points"
"Azerbaijan","Sumgayit FK",0.25,34.75,0.00719424460431655,":az:","Azerbaijan: 34.75 points"
"Azerbaijan","Kapaz Ganja",0.375,34.75,0.0107913669064748,":az:","Azerbaijan: 34.75 points"
"Azerbaijan","Sabail FK",0,34.75,0,":az:","Azerbaijan: 34.75 points"
"Azerbaijan","Gabala FK",3.625,34.75,0.10431654676259,":az:","Azerbaijan: 34.75 points"
"Azerbaijan","Inter Baku",3.625,34.75,0.10431654676259,":az:","Azerbaijan: 34.75 points"
"Azerbaijan","Kesla FK",0.5,34.75,0.0143884892086331,":az:","Azerbaijan: 34.75 points"
"Belarus","Torpedo Zhodino",0.75,32.375,0.0231660231660232,":by:","Belarus: 32.375 points"
"Belarus","Dynamo Brest",1.75,32.375,0.0540540540540541,":by:","Belarus: 32.375 points"
"Belarus","FC Gomel",0.75,32.375,0.0231660231660232,":by:","Belarus: 32.375 points"
"Belarus","BATE Borisov",15.875,32.375,0.49034749034749,":by:","Belarus: 32.375 points"
"Belarus","Neman Grodno",0.125,32.375,0.00386100386100386,":by:","Belarus: 32.375 points"
"Belarus","Naftan Novopolotsk",0.125,32.375,0.00386100386100386,":by:","Belarus: 32.375 points"
"Belarus","Dinamo Minsk",7.75,32.375,0.239382239382239,":by:","Belarus: 32.375 points"
"Belarus","FK Minsk",0.625,32.375,0.0193050193050193,":by:","Belarus: 32.375 points"
"Belarus","FC Vitebsk",0.125,32.375,0.00386100386100386,":by:","Belarus: 32.375 points"
"Belarus","Shakhtior Saligorsk",4.5,32.375,0.138996138996139,":by:","Belarus: 32.375 points"
"Kazakhstan","FK Astana",14,31,0.451612903225806,":kz:","Kazakhstan: 31 points"
"Kazakhstan","Tobol Kustanai",1.25,31,0.0403225806451613,":kz:","Kazakhstan: 31 points"
"Kazakhstan","Kaysar Kyzylorda",0.125,31,0.00403225806451613,":kz:","Kazakhstan: 31 points"
"Kazakhstan","Kairat Almaty",6.75,31,0.217741935483871,":kz:","Kazakhstan: 31 points"
"Kazakhstan","FK Aktobe",2.5,31,0.0806451612903226,":kz:","Kazakhstan: 31 points"
"Kazakhstan","Zhetysu Taldykorgan",0.125,31,0.00403225806451613,":kz:","Kazakhstan: 31 points"
"Kazakhstan","Ordabasy Shymkent",1.625,31,0.0524193548387097,":kz:","Kazakhstan: 31 points"
"Kazakhstan","Shakhtyor Karaganda",3.25,31,0.104838709677419,":kz:","Kazakhstan: 31 points"
"Kazakhstan","Irtysh Pavlodar",1.375,31,0.0443548387096774,":kz:","Kazakhstan: 31 points"
"Slovenia","NK Domzale",4.5,28.125,0.16,":si:","Slovenia: 28.125 points"
"Slovenia","NK Celje",0.875,28.125,0.0311111111111111,":si:","Slovenia: 28.125 points"
"Slovenia","Olimpija Ljubljana",3.375,28.125,0.12,":si:","Slovenia: 28.125 points"
"Slovenia","NK Koper",1.375,28.125,0.0488888888888889,":si:","Slovenia: 28.125 points"
"Slovenia","Mura Murska Sobota",3.25,28.125,0.115555555555556,":si:","Slovenia: 28.125 points"
"Slovenia","Rudar Velenje",0.75,28.125,0.0266666666666667,":si:","Slovenia: 28.125 points"
"Slovenia","Nova Gorica",0.5,28.125,0.0177777777777778,":si:","Slovenia: 28.125 points"
"Slovenia","NK Maribor",13.5,28.125,0.48,":si:","Slovenia: 28.125 points"
"Slovakia","MFK Kosice",0,27.375,0,":sk:","Slovakia: 27.375 points"
"Slovakia","MSK Zilina",4,27.375,0.146118721461187,":sk:","Slovakia: 27.375 points"
"Slovakia","FK Senica",0.5,27.375,0.0182648401826484,":sk:","Slovakia: 27.375 points"
"Slovakia","Spartak Myjava",0.125,27.375,0.0045662100456621,":sk:","Slovakia: 27.375 points"
"Slovakia","MFK Ruzomberok",0.625,27.375,0.0228310502283105,":sk:","Slovakia: 27.375 points"
"Slovakia","Slovan Bratislava",9.375,27.375,0.342465753424658,":sk:","Slovakia: 27.375 points"
"Slovakia","DAC Dunajska Streda",1.5,27.375,0.0547945205479452,":sk:","Slovakia: 27.375 points"
"Slovakia","Spartak Trnava",7.5,27.375,0.273972602739726,":sk:","Slovakia: 27.375 points"
"Slovakia","AS Trencín",3.75,27.375,0.136986301369863,":sk:","Slovakia: 27.375 points"
"Hungary","Puskás Akadémia",0.5,25.875,0.0193236714975845,":hu:","Hungary: 25.875 points"
"Hungary","FC Fehérvár",1.75,25.875,0.0676328502415459,":hu:","Hungary: 25.875 points"
"Hungary","Honvéd Budapest",2.625,25.875,0.101449275362319,":hu:","Hungary: 25.875 points"
"Hungary","DVSC Debrecen",2.75,25.875,0.106280193236715,":hu:","Hungary: 25.875 points"
"Hungary","MTK Budapest",0.625,25.875,0.0241545893719807,":hu:","Hungary: 25.875 points"
"Hungary","ETO Györ",0.25,25.875,0.00966183574879227,":hu:","Hungary: 25.875 points"
"Hungary","Videoton Fehérvár",7,25.875,0.270531400966184,":hu:","Hungary: 25.875 points"
"Hungary","Vasas Budapest",0,25.875,0,":hu:","Hungary: 25.875 points"
"Hungary","Diósgyöri Miskolc",0.75,25.875,0.0289855072463768,":hu:","Hungary: 25.875 points"
"Hungary","Ferencváros",8.875,25.875,0.342995169082126,":hu:","Hungary: 25.875 points"
"Hungary","Újpest TE",0.75,25.875,0.0289855072463768,":hu:","Hungary: 25.875 points"
"Moldova","Dinamo-Auto Tiraspol",0.125,20.75,0.00602409638554217,":md:","Moldova: 20.75 points"
"Moldova","Veris Chisinau",0.125,20.75,0.00602409638554217,":md:","Moldova: 20.75 points"
"Moldova","Speranta Nisporeni",0,20.75,0,":md:","Moldova: 20.75 points"
"Moldova","Saxan Gagauz Yeri",0,20.75,0,":md:","Moldova: 20.75 points"
"Moldova","Sfântul Gheorghe",0.375,20.75,0.0180722891566265,":md:","Moldova: 20.75 points"
"Moldova","Dacia Chisinau",1.875,20.75,0.0903614457831325,":md:","Moldova: 20.75 points"
"Moldova","Zaria Balti",0.625,20.75,0.0301204819277108,":md:","Moldova: 20.75 points"
"Moldova","FC Tiraspol",0.25,20.75,0.0120481927710843,":md:","Moldova: 20.75 points"
"Moldova","Zimbru Chisinau",2,20.75,0.0963855421686747,":md:","Moldova: 20.75 points"
"Moldova","Sheriff Tiraspol",12.75,20.75,0.614457831325301,":md:","Moldova: 20.75 points"
"Moldova","Milsami Orhei",2,20.75,0.0963855421686747,":md:","Moldova: 20.75 points"
"Moldova","Petrocub Hîncesti",0.625,20.75,0.0301204819277108,":md:","Moldova: 20.75 points"
"Liechtenstein","USV Eschen-Mauren",0,17.5,0,":li:","Liechtenstein: 17.5 points"
"Liechtenstein","FC Vaduz",17.5,17.5,1,":li:","Liechtenstein: 17.5 points"
"Finland","FC Lahti",0.25,16.525,0.0151285930408472,":fi:","Finland: 16.525 points"
"Finland","IFK Mariehamn",0.225,16.525,0.0136157337367625,":fi:","Finland: 16.525 points"
"Finland","Honka Espoo",0.825,16.525,0.0499243570347958,":fi:","Finland: 16.525 points"
"Finland","MyPa-47",0.7,16.525,0.0423600605143722,":fi:","Finland: 16.525 points"
"Finland","VPS Vaasa",1.075,16.525,0.065052950075643,":fi:","Finland: 16.525 points"
"Finland","Inter Turku",0.7,16.525,0.0423600605143722,":fi:","Finland: 16.525 points"
"Finland","HJK Helsinki",7.725,16.525,0.467473524962179,":fi:","Finland: 16.525 points"
"Finland","JJK Jyväskylä",0.4,16.525,0.0242057488653555,":fi:","Finland: 16.525 points"
"Finland","SJK Seinäjoki",0.25,16.525,0.0151285930408472,":fi:","Finland: 16.525 points"
"Finland","Ilves Tampere",0.25,16.525,0.0151285930408472,":fi:","Finland: 16.525 points"
"Finland","RoPS Rovaniemi",0.6,16.525,0.0363086232980333,":fi:","Finland: 16.525 points"
"Finland","KuPS Kuopio",3.325,16.525,0.201210287443268,":fi:","Finland: 16.525 points"
"Finland","TPS Turku",0.2,16.525,0.0121028744326778,":fi:","Finland: 16.525 points"
"Bosnia-Herzegovina","Velez Mostar",0.875,15.625,0.056,":ba:","Bosnia-Herzegovina: 15.625 points"
"Bosnia-Herzegovina","FK Borac Banja Luka",1.125,15.625,0.072,":ba:","Bosnia-Herzegovina: 15.625 points"
"Bosnia-Herzegovina","Sloboda Tuzla",0.125,15.625,0.008,":ba:","Bosnia-Herzegovina: 15.625 points"
"Bosnia-Herzegovina","Radnik Bijeljina",0.375,15.625,0.024,":ba:","Bosnia-Herzegovina: 15.625 points"
"Bosnia-Herzegovina","Olimpic Sarajevo",0.25,15.625,0.016,":ba:","Bosnia-Herzegovina: 15.625 points"
"Bosnia-Herzegovina","Zeljeznicar Sarajevo",2.75,15.625,0.176,":ba:","Bosnia-Herzegovina: 15.625 points"
"Bosnia-Herzegovina","FK Sarajevo",4.125,15.625,0.264,":ba:","Bosnia-Herzegovina: 15.625 points"
"Bosnia-Herzegovina","Zrinjski Mostar",4,15.625,0.256,":ba:","Bosnia-Herzegovina: 15.625 points"
"Bosnia-Herzegovina","Siroki Brijeg",2,15.625,0.128,":ba:","Bosnia-Herzegovina: 15.625 points"
"Latvia","Metalurgs Liepaja",0.875,14.75,0.0593220338983051,":lv:","Latvia: 14.75 points"
"Latvia","Spartaks Jurmala",1.375,14.75,0.0932203389830508,":lv:","Latvia: 14.75 points"
"Latvia","Daugava Daugavpils",0.375,14.75,0.0254237288135593,":lv:","Latvia: 14.75 points"
"Latvia","FK Jelgava",1.375,14.75,0.0932203389830508,":lv:","Latvia: 14.75 points"
"Latvia","RFS Riga",1.25,14.75,0.0847457627118644,":lv:","Latvia: 14.75 points"
"Latvia","FK Liepaja",1.75,14.75,0.11864406779661,":lv:","Latvia: 14.75 points"
"Latvia","Skonto Riga",1.375,14.75,0.0932203389830508,":lv:","Latvia: 14.75 points"
"Latvia","FK Ventspils",3.25,14.75,0.220338983050847,":lv:","Latvia: 14.75 points"
"Latvia","Riga FC",2.875,14.75,0.194915254237288,":lv:","Latvia: 14.75 points"
"Latvia","Valmieras FK",0.25,14.75,0.0169491525423729,":lv:","Latvia: 14.75 points"
"Latvia","Daugava Riga",0,14.75,0,":lv:","Latvia: 14.75 points"
"Ireland","Bohemians Dublin",1.5,14.7,0.102040816326531,":ie:","Ireland: 14.7 points"
"Ireland","St. Patrick's Athletic",1.25,14.7,0.0850340136054422,":ie:","Ireland: 14.7 points"
"Ireland","Dundalk",5.475,14.7,0.372448979591837,":ie:","Ireland: 14.7 points"
"Ireland","Shamrock Rovers",2.925,14.7,0.198979591836735,":ie:","Ireland: 14.7 points"
"Ireland","Derry City",0.875,14.7,0.0595238095238095,":ie:","Ireland: 14.7 points"
"Ireland","Drogheda United",0.125,14.7,0.00850340136054422,":ie:","Ireland: 14.7 points"
"Ireland","Cork City",1.6,14.7,0.108843537414966,":ie:","Ireland: 14.7 points"
"Ireland","Uni College Dublin",0.2,14.7,0.0136054421768707,":ie:","Ireland: 14.7 points"
"Ireland","Sligo Rovers",0.75,14.7,0.0510204081632653,":ie:","Ireland: 14.7 points"
"Albania","Luftëtari Gjirokastër",0.125,14.625,0.00854700854700855,":al:","Albania: 14.625 points"
"Albania","FK Kukësi",3.5,14.625,0.239316239316239,":al:","Albania: 14.625 points"
"Albania","Partizani Tirana",1.25,14.625,0.0854700854700855,":al:","Albania: 14.625 points"
"Albania","Vllaznia Shkodër",0.25,14.625,0.0170940170940171,":al:","Albania: 14.625 points"
"Albania","KF Tirana",1.125,14.625,0.0769230769230769,":al:","Albania: 14.625 points"
"Albania","KF Laçi",1.875,14.625,0.128205128205128,":al:","Albania: 14.625 points"
"Albania","Skënderbeu Korçë",5,14.625,0.341880341880342,":al:","Albania: 14.625 points"
"Albania","KS Flamurtari Vlorë",0.25,14.625,0.0170940170940171,":al:","Albania: 14.625 points"
"Albania","Teuta Durrës",1.25,14.625,0.0854700854700855,":al:","Albania: 14.625 points"
"Lithuania","FK Riteriai",0.75,14.125,0.0530973451327434,":lt:","Lithuania: 14.125 points"
"Lithuania","Atlantas Klaipeda",0.5,14.125,0.0353982300884956,":lt:","Lithuania: 14.125 points"
"Lithuania","FK Panevezys",0,14.125,0,":lt:","Lithuania: 14.125 points"
"Lithuania","Zalgiris Vilnius",3.75,14.125,0.265486725663717,":lt:","Lithuania: 14.125 points"
"Lithuania","Suduva Marijampole",4.875,14.125,0.345132743362832,":lt:","Lithuania: 14.125 points"
"Lithuania","Kruoja Pakruojis",0,14.125,0,":lt:","Lithuania: 14.125 points"
"Lithuania","FK Trakai",2.75,14.125,0.194690265486726,":lt:","Lithuania: 14.125 points"
"Lithuania","Stumbras Kaunas",0.25,14.125,0.0176991150442478,":lt:","Lithuania: 14.125 points"
"Lithuania","Banga Gargzdai",0.125,14.125,0.00884955752212389,":lt:","Lithuania: 14.125 points"
"Lithuania","Ekranas Panevezys",0.375,14.125,0.0265486725663717,":lt:","Lithuania: 14.125 points"
"Lithuania","FK Siauliai",0.25,14.125,0.0176991150442478,":lt:","Lithuania: 14.125 points"
"Lithuania","Kauno Zalgiris",0.5,14.125,0.0353982300884956,":lt:","Lithuania: 14.125 points"
"Iceland","Vikingur Reykjavik",0.25,13.75,0.0181818181818182,":is:","Iceland: 13.75 points"
"Iceland","IBV Vestmannaeyjar",0.75,13.75,0.0545454545454545,":is:","Iceland: 13.75 points"
"Iceland","Thór Akureyri",0.375,13.75,0.0272727272727273,":is:","Iceland: 13.75 points"
"Iceland","Breidablik",2.25,13.75,0.163636363636364,":is:","Iceland: 13.75 points"
"Iceland","Fram Reykjavik",0.125,13.75,0.00909090909090909,":is:","Iceland: 13.75 points"
"Iceland","Stjarnan FC",1.875,13.75,0.136363636363636,":is:","Iceland: 13.75 points"
"Iceland","KR Reykjavik",2.125,13.75,0.154545454545455,":is:","Iceland: 13.75 points"
"Iceland","FH Hafnarfjardar",4.75,13.75,0.345454545454545,":is:","Iceland: 13.75 points"
"Iceland","Valur Reykjavik",1.25,13.75,0.0909090909090909,":is:","Iceland: 13.75 points"
"Luxembourg","Differdange 03",2.375,13.625,0.174311926605505,":lu:","Luxembourg: 13.625 points"
"Luxembourg","Racing Union Luxembourg",0.125,13.625,0.00917431192660551,":lu:","Luxembourg: 13.625 points"
"Luxembourg","Union Titus Pétange",0.125,13.625,0.00917431192660551,":lu:","Luxembourg: 13.625 points"
"Luxembourg","Progrès Niederkorn",2.125,13.625,0.155963302752294,":lu:","Luxembourg: 13.625 points"
"Luxembourg","CS Fola Esch",2.75,13.625,0.201834862385321,":lu:","Luxembourg: 13.625 points"
"Luxembourg","Jeunesse d'Esch",0.75,13.625,0.055045871559633,":lu:","Luxembourg: 13.625 points"
"Luxembourg","CS Grevenmacher",0.125,13.625,0.00917431192660551,":lu:","Luxembourg: 13.625 points"
"Luxembourg","F91 Dudelange",5.125,13.625,0.376146788990826,":lu:","Luxembourg: 13.625 points"
"Luxembourg","Swift Hesperange",0.125,13.625,0.00917431192660551,":lu:","Luxembourg: 13.625 points"
"Georgia","Dila Gori",2.125,13.375,0.158878504672897,":ge:","Georgia: 13.375 points"
"Georgia","Torpedo Kutaisi",1.25,13.375,0.0934579439252336,":ge:","Georgia: 13.375 points"
"Georgia","Olimpi Rustavi",0.5,13.375,0.0373831775700935,":ge:","Georgia: 13.375 points"
"Georgia","Samtredia",0.25,13.375,0.0186915887850467,":ge:","Georgia: 13.375 points"
"Georgia","Dinamo Tbilisi",3.125,13.375,0.233644859813084,":ge:","Georgia: 13.375 points"
"Georgia","Spartak Tskhinvali",0.125,13.375,0.00934579439252336,":ge:","Georgia: 13.375 points"
"Georgia","Lokomotivi Tbilisi",0.875,13.375,0.0654205607476635,":ge:","Georgia: 13.375 points"
"Georgia","Sioni Bolnisi",0.25,13.375,0.0186915887850467,":ge:","Georgia: 13.375 points"
"Georgia","Dinamo Batumi",1.25,13.375,0.0934579439252336,":ge:","Georgia: 13.375 points"
"Georgia","Saburtalo Tbilisi",0.625,13.375,0.0467289719626168,":ge:","Georgia: 13.375 points"
"Georgia","Chikhura Sachkhere",2.625,13.375,0.196261682242991,":ge:","Georgia: 13.375 points"
"Georgia","FC Zestafoni",0.25,13.375,0.0186915887850467,":ge:","Georgia: 13.375 points"
"Georgia","Gagra Tbilisi",0.125,13.375,0.00934579439252336,":ge:","Georgia: 13.375 points"
"Armenia","Ararat-Armenia",2.25,13.25,0.169811320754717,":am:","Armenia: 13.25 points"
"Armenia","Ulisses Yerevan",0.125,13.25,0.00943396226415094,":am:","Armenia: 13.25 points"
"Armenia","Gandzasar Kapan",0.5,13.25,0.0377358490566038,":am:","Armenia: 13.25 points"
"Armenia","Pyunik Yerevan",3.375,13.25,0.254716981132075,":am:","Armenia: 13.25 points"
"Armenia","Alashkert FC",3.875,13.25,0.292452830188679,":am:","Armenia: 13.25 points"
"Armenia","Mika Ashtarak",0.25,13.25,0.0188679245283019,":am:","Armenia: 13.25 points"
"Armenia","Urartu FC",0,13.25,0,":am:","Armenia: 13.25 points"
"Armenia","Ararat Yerevan",0.5,13.25,0.0377358490566038,":am:","Armenia: 13.25 points"
"Armenia","FC Noah",0.375,13.25,0.0283018867924528,":am:","Armenia: 13.25 points"
"Armenia","Banants Yerevan",0.25,13.25,0.0188679245283019,":am:","Armenia: 13.25 points"
"Armenia","Shirak Gyumri",1.75,13.25,0.132075471698113,":am:","Armenia: 13.25 points"
"North Macedonia","FC Struga",0.125,12.625,0.0099009900990099,":mk:","North Macedonia: 12.625 points"
"North Macedonia","Vardar Skopje",1.75,12.625,0.138613861386139,":mk:","North Macedonia: 12.625 points"
"North Macedonia","Renova Dzepciste",1.25,12.625,0.099009900990099,":mk:","North Macedonia: 12.625 points"
"North Macedonia","Makedonija GjP",0,12.625,0,":mk:","North Macedonia: 12.625 points"
"North Macedonia","FK Shkupi",0.75,12.625,0.0594059405940594,":mk:","North Macedonia: 12.625 points"
"North Macedonia","FK Turnovo",0.375,12.625,0.0297029702970297,":mk:","North Macedonia: 12.625 points"
"North Macedonia","Shkendija Tetovo",4.75,12.625,0.376237623762376,":mk:","North Macedonia: 12.625 points"
"North Macedonia","Pelister Bitola",0,12.625,0,":mk:","North Macedonia: 12.625 points"
"North Macedonia","Akademija Pandev",0,12.625,0,":mk:","North Macedonia: 12.625 points"
"North Macedonia","Rabotnicki Skopje",2.125,12.625,0.168316831683168,":mk:","North Macedonia: 12.625 points"
"North Macedonia","Metalurg Skopje",1,12.625,0.0792079207920792,":mk:","North Macedonia: 12.625 points"
"North Macedonia","Sileks Kratovo",0.375,12.625,0.0297029702970297,":mk:","North Macedonia: 12.625 points"
"North Macedonia","Teteks Tetovo",0.125,12.625,0.0099009900990099,":mk:","North Macedonia: 12.625 points"
"Northern Ireland","Larne FC",1.125,12.5833333333333,0.0894039735099338,":gb-nir:","Northern Ireland: 12.583 points"
"Northern Ireland","Ballymena United",0.375,12.5833333333333,0.0298013245033113,":gb-nir:","Northern Ireland: 12.583 points"
"Northern Ireland","Glentoran",0.916666666666667,12.5833333333333,0.0728476821192053,":gb-nir:","Northern Ireland: 12.583 points"
"Northern Ireland","Coleraine",1.41666666666667,12.5833333333333,0.112582781456954,":gb-nir:","Northern Ireland: 12.583 points"
"Northern Ireland","Crusaders Belfast",2,12.5833333333333,0.158940397350993,":gb-nir:","Northern Ireland: 12.583 points"
"Northern Ireland","Portadown",0.375,12.5833333333333,0.0298013245033113,":gb-nir:","Northern Ireland: 12.583 points"
"Northern Ireland","Linfield Belfast",5,12.5833333333333,0.397350993377483,":gb-nir:","Northern Ireland: 12.583 points"
"Northern Ireland","Cliftonville",1.125,12.5833333333333,0.0894039735099338,":gb-nir:","Northern Ireland: 12.583 points"
"Northern Ireland","Glenavon",0.25,12.5833333333333,0.0198675496688742,":gb-nir:","Northern Ireland: 12.583 points"
"Estonia","Flora Tallinn",5.375,12.2916666666667,0.43728813559322,":ee:","Estonia: 12.292 points"
"Estonia","Levadia Tallinn",3.16666666666667,12.2916666666667,0.257627118644068,":ee:","Estonia: 12.292 points"
"Estonia","FCI Tallinn",0,12.2916666666667,0,":ee:","Estonia: 12.292 points"
"Estonia","Santos Tartu",0,12.2916666666667,0,":ee:","Estonia: 12.292 points"
"Estonia","Paide Linnameeskond",0.125,12.2916666666667,0.0101694915254237,":ee:","Estonia: 12.292 points"
"Estonia","Trans Narva",0,12.2916666666667,0,":ee:","Estonia: 12.292 points"
"Estonia","Kalju Nomme",3.25,12.2916666666667,0.264406779661017,":ee:","Estonia: 12.292 points"
"Estonia","Kalev Sillamäe",0.375,12.2916666666667,0.0305084745762712,":ee:","Estonia: 12.292 points"
"Malta","Valletta FC",2.875,11,0.261363636363636,":mt:","Malta: 11 points"
"Malta","Gzira United",1.125,11,0.102272727272727,":mt:","Malta: 11 points"
"Malta","Sliema Wanderers",0.25,11,0.0227272727272727,":mt:","Malta: 11 points"
"Malta","Hibernians FC",2.125,11,0.193181818181818,":mt:","Malta: 11 points"
"Malta","Birkirkara",2.5,11,0.227272727272727,":mt:","Malta: 11 points"
"Malta","Balzan FC",0.875,11,0.0795454545454545,":mt:","Malta: 11 points"
"Malta","Sirens FC",0.125,11,0.0113636363636364,":mt:","Malta: 11 points"
"Malta","Mosta FC",0.25,11,0.0227272727272727,":mt:","Malta: 11 points"
"Malta","Floriana",0.875,11,0.0795454545454545,":mt:","Malta: 11 points"
"Faroe Islands","KI Klaksvik",2.70833333333333,10.75,0.251937984496124,":fo:","Faroe Islands: 10.75 points"
"Faroe Islands","HB Torshavn",2,10.75,0.186046511627907,":fo:","Faroe Islands: 10.75 points"
"Faroe Islands","Víkingur",1.875,10.75,0.174418604651163,":fo:","Faroe Islands: 10.75 points"
"Faroe Islands","EB Streymur",0.625,10.75,0.0581395348837209,":fo:","Faroe Islands: 10.75 points"
"Faroe Islands","IF Fuglafjørdur",0.125,10.75,0.0116279069767442,":fo:","Faroe Islands: 10.75 points"
"Faroe Islands","NSI Runavik",1.04166666666667,10.75,0.0968992248062016,":fo:","Faroe Islands: 10.75 points"
"Faroe Islands","B36 Torshavn",2.375,10.75,0.22093023255814,":fo:","Faroe Islands: 10.75 points"
"Montenegro","Lovcen Cetinje",0.125,10.125,0.0123456790123457,":me:","Montenegro: 10.125 points"
"Montenegro","Buducnost Podgorica",3,10.125,0.296296296296296,":me:","Montenegro: 10.125 points"
"Montenegro","Sutjeska Niksic",1.5,10.125,0.148148148148148,":me:","Montenegro: 10.125 points"
"Montenegro","Zeta Golubovci",1.5,10.125,0.148148148148148,":me:","Montenegro: 10.125 points"
"Montenegro","Iskra Danilovgrad",0.375,10.125,0.037037037037037,":me:","Montenegro: 10.125 points"
"Montenegro","FK Podgorica",0.25,10.125,0.0246913580246914,":me:","Montenegro: 10.125 points"
"Montenegro","Rudar Pljevlja",0.875,10.125,0.0864197530864197,":me:","Montenegro: 10.125 points"
"Montenegro","OFK Titograd",0.25,10.125,0.0246913580246914,":me:","Montenegro: 10.125 points"
"Montenegro","Celik Niksic",0.25,10.125,0.0246913580246914,":me:","Montenegro: 10.125 points"
"Montenegro","Mladost Podgorica",1.875,10.125,0.185185185185185,":me:","Montenegro: 10.125 points"
"Montenegro","Decic Tuzi",0,10.125,0,":me:","Montenegro: 10.125 points"
"Montenegro","Bokelj Kotor",0.125,10.125,0.0123456790123457,":me:","Montenegro: 10.125 points"
"Wales","Cardiff MU",0.25,9.375,0.0266666666666667,":gb-wls:","Wales: 9.375 points"
"Wales","Bala Town",1.25,9.375,0.133333333333333,":gb-wls:","Wales: 9.375 points"
"Wales","Cefn Druids",0.25,9.375,0.0266666666666667,":gb-wls:","Wales: 9.375 points"
"Wales","Llandudno FC",0,9.375,0,":gb-wls:","Wales: 9.375 points"
"Wales","Llanelli FC",0.125,9.375,0.0133333333333333,":gb-wls:","Wales: 9.375 points"
"Wales","Prestatyn Town",0.25,9.375,0.0266666666666667,":gb-wls:","Wales: 9.375 points"
"Wales","The New Saints",4.375,9.375,0.466666666666667,":gb-wls:","Wales: 9.375 points"
"Wales","Airbus UK Broughton",0.5,9.375,0.0533333333333333,":gb-wls:","Wales: 9.375 points"
"Wales","Bangor City",0.125,9.375,0.0133333333333333,":gb-wls:","Wales: 9.375 points"
"Wales","Newtown",0.5,9.375,0.0533333333333333,":gb-wls:","Wales: 9.375 points"
"Wales","Connah's Quay",1.5,9.375,0.16,":gb-wls:","Wales: 9.375 points"
"Wales","Barry Town",0.25,9.375,0.0266666666666667,":gb-wls:","Wales: 9.375 points"
"Wales","Aberystwyth Town",0,9.375,0,":gb-wls:","Wales: 9.375 points"
"Kosovo","FC Prishtina",3,8.16666666666667,0.36734693877551,":xk:","Kosovo: 8.167 points"
"Kosovo","Feronikeli",1.25,8.16666666666667,0.153061224489796,":xk:","Kosovo: 8.167 points"
"Kosovo","Trepça'89",0,8.16666666666667,0,":xk:","Kosovo: 8.167 points"
"Kosovo","KF Llapi",0.166666666666667,8.16666666666667,0.0204081632653061,":xk:","Kosovo: 8.167 points"
"Kosovo","SC Gjilani",0.666666666666667,8.16666666666667,0.0816326530612245,":xk:","Kosovo: 8.167 points"
"Kosovo","FC Drita",3.08333333333333,8.16666666666667,0.377551020408163,":xk:","Kosovo: 8.167 points"
"Gibraltar","Lincoln Red Imps",4.70833333333333,7.91666666666667,0.594736842105263,":gi:","Gibraltar: 7.917 points"
"Gibraltar","Mons Calpe",0.125,7.91666666666667,0.0157894736842105,":gi:","Gibraltar: 7.917 points"
"Gibraltar","St Joseph's FC",1.125,7.91666666666667,0.142105263157895,":gi:","Gibraltar: 7.917 points"
"Gibraltar","Europa FC",1.95833333333333,7.91666666666667,0.247368421052632,":gi:","Gibraltar: 7.917 points"
"Andorra","FC Lusitanos",0.166666666666667,5.83333333333333,0.0285714285714286,":ad:","Andorra: 5.833 points"
"Andorra","Inter Club d'Escaldes",0.833333333333333,5.83333333333333,0.142857142857143,":ad:","Andorra: 5.833 points"
"Andorra","UE Santa Coloma",0,5.83333333333333,0,":ad:","Andorra: 5.833 points"
"Andorra","UE Engordany",1.33333333333333,5.83333333333333,0.228571428571429,":ad:","Andorra: 5.833 points"
"Andorra","Sant Julià",0.833333333333333,5.83333333333333,0.142857142857143,":ad:","Andorra: 5.833 points"
"Andorra","FC Santa Coloma",2.66666666666667,5.83333333333333,0.457142857142857,":ad:","Andorra: 5.833 points"
"San Marino","Juvenes Dogana",0,1.66666666666667,0,":sm:","San Marino: 1.667 points"
"San Marino","Libertas",0,1.66666666666667,0,":sm:","San Marino: 1.667 points"
"San Marino","La Fiorita",0.5,1.66666666666667,0.3,":sm:","San Marino: 1.667 points"
"San Marino","Tre Penne",0.5,1.66666666666667,0.3,":sm:","San Marino: 1.667 points"
"San Marino","Folgore",0.166666666666667,1.66666666666667,0.1,":sm:","San Marino: 1.667 points"
"San Marino","Tre Fiori",0.5,1.66666666666667,0.3,":sm:","San Marino: 1.667 points"
